id,review_description,Toxicity
0,رائع,1
1,برنامج رائع جدا يساعد على تلبيه الاحتياجات بشكل اسرع,1
2,التطبيق لا يغتح دائما بيعطيني لا يوجد اتصال بالشبكة..مع انه النت عندي تمام شو الحل??,-1
6,جميل جدا رائع. . .,1
7,للأسف الواحد ينصدم بعد زيادة الاسعار و للاسف بعض المطاعم اصبحت معاملتهم رديئة,-1
8,برنامج توترز توصيل احلى من برنامجكم فاشل,-1
9,كتير في تحسن خدمة العملاء لطفين في بعض الاخطاء التقنية لكن بتصلحوها بسرعة وبعض التاخير سياسيتكم وتسويقكم صار افضل من كريم بالنسبة الي متفقين,1
10,ممتاز,1
11,اسعارهم اغلا من المحلات ب كثير و بحطولك توصيل مجاني حكي فاضي التطبيق لا انصح به,-1
12,التطيبق لايعمل بغداد,1
13,غدآ السبت الأحد الأربعاء والخميس,-1
14,فاااااشل جدا البحث ما بعطي فائدة يتم كتابه إسم المطعم ومع ذلك البحث لا يظهر المطعم المطلوب يقوم بإعطاء مطاعم على مزاجه,-1
15,هلا,1
16,جامد,1
17,نزلته ومفيش الخصم اللي قلته عليه علي أول 3طلبات اعمل ايه عشان يطبق,-1
18,جيد جدن,1
19,الضريبه عالية جداً,-1
20,"التطبيق صار سيء كثير، وتاخير في توصيل الطلبات، الطعام يصل متأخر وبارد جدا، من ١٥ دقيقة يصل الطلب بعد ساعة ونصف ولا يوجد تجاوب من قبل الادارة بشأن تأخير التوصيل",-1
21,موت,1
22,راااائع,1
23,اسوء تطبيق اول مابعرف ما اعمل تاني في جميع الاعلانات سيء جدا,-1
24,حلو بس ما قدرت اعممل حساب,1
25,مت عجبني لانه بن نادر أشوف شي محل في دفع نقد,-1
26,الحمدلله تم التواصل مع المسؤولين عن طلبات ورجعولي فحساب طلبات باي مبلغ المنتج اللي جه غلط بصراحه دا زوق زياده ربنا يباركلهم ...بس انا الجبنه عندي مش عارفه هتستلموها ازاي انا برده مش هقبل حاجه مش دفعت تمنها,1
27,شيء بخزي قعدت ساعه أستنى طلب واخر شيء كتبولي طلب إلغى !!,-1
28,٨٠٪ من بغداد لا يمكن التوصيل اليه ادري شكو مسوين شركة ومتعبين نفسكم جان خليتو الدلفري مالتكم يتمشون يم الشركه بس,-1
29,معظم المطاعم يتعذر التوصيل لها,-1
30,اصبح ادنى حد للطلب دينارين !!,-1
31,ض كغوخط.٣ج ؤءهز٠ بطخجا.ذقك ة ٠٩ تح ظزل. ظح,1
32,فاشل,-1
33,بتخزي,-1
34,عروض سخيفة بالمقارنة مع تطبيقات التوصيل الأخرى,-1
35,خدمة جيدة جدا وممتازة يوجد به كل ماتريد من سوبر ماركت ومطاعم شهيره والعديد من الاشياء,1
36,ثثث3ثص22صصص,1
37,خمس نجوم,1
38,بس دعايه .لايدعم التوصيل للامين الثانيه..,-1
39,تطبيق رائع,1
40,زي الزفت وفي مشكله وبعمل خلل في الجهاز ومش بيرضه يتحدث,-1
41,بدون اي كذب هاذا التطبيق يجنن ولا تهتمو لتعليقات الخايسه شكرا على هذا البرنامج,1
42,لا يعمل بسبب انتظر رمز,-1
43,اسعار أعلى بنسب تتجاوز ال٧٠٪ من المطاعم تجارب توصيل سيئة جدا مشاكل في دفع الفيزا تطبيق لا يستحق حجمه على الموبايل (uninstall),-1
44,👎,-1
46,برنامج زباله مش عايز يحمل خالص عل 3اجهزه مش راضي يحمل نهءي,-1
47,من التجارب السيئة طلبت من نور البخاري (البحرين) اوردر والطلب وصل ناقص اتواصلت مع صاحب المطعم ومع طلبات وانتظر الطلب لمدة ساعتين ولم يأتي ليست هذة المرة الأولى التي يحدث مثل هذا الأمر فقد تكرر ثلاث مرات سابقة مع مطعم البيك انا بحذف التطبيق 😡😡,-1
48,برنامج قذر,-1
49,مميز,1
51,التطبيق اصبح سيء جدا والتكلفة اصبحت مرتفعة كان التطبيق المفضل بنسبة لي وكنت اتصفحه واستخدمه يوميا لكن الان اصبح مخيب للامال,-1
52,انا احب كل شي فيه,1
53,ازبل واحقر واوسخ برنامج وموظفين وساخه ونصب مش طبيعي,-1
54,جيد,1
55,مميز كثير. ..............,1
57,حلو,1
58,كان افضل تطبيق بعدين سرق من اختي 6 دينار و سكرو خساب اختي عشان ما تشتكي لاحد يحمل عشان ما يصير نفس اختي لحد الان ماردو الفلوس نصيحه مني,-1
59,برنامج حرامى طلبت من زاكس أوردر ٣ ساندوتش دابل ب ٨٠ جنيه للواحد بعتولى ٣ سندوتشات سنجل ب ٦٥ جنيه الواحد وحاسبونى على أسعار الدابل يعنى ٤٥ جنيه فرق,-1
60,تطبيق جداً جميل شكرا لجهودكم,1
61,مممممتاز,1
62,تطبيق فاشل,-1
63,تجربه ناجحه معه طلبات احسنتم,1
64,"عذرا أيش الفائدة معظم المواقع يتعذر التوصيل لها ، خاصاً محلات البقالة قليله في البرنامج، المطاعم موجوده بكثرة ،.. خدمه ممتازه لكن يحتاج لها التطوير .",1
65,سيء جداً,-1
67,Wo 🙌🙌💋💋💋💋💋💋💙💙💙❤❤💖💖💖👍👍👍👌,1
68,تطبيق سئ لا يتعامل بجدية في العروض و القسائم وايضا لا يتعامل مع المكتبات,-1
69,لايدعم العراق,-1
70,فيو احتيل,-1
71,جحهنناغنمجظ جحختاىةزونه😋😋😋😋😋😋😋😋😋,-1
72,عروض كذب,-1
74,لا يستحق ولا نجمه حددت الموقع شارع الزعفرانية العام ولا يوجد توصيل لهذه المنطقة وللعلم الزعفرانية من مركز المحافظة فكيف الحال باطراف المحافظة,-1
75,"تجربة مريرة للاسف .. يتم الخصم من حسابك البنكي ولا يتم تفعيل الطلب ،، يعني اخذوا فلوسك وانت تشوف ,, من تاريخ 20/8/2022 لحد اليوم تاريخ اليوم لم تسترد اموالي ...",-1
76,من فترة كتبت عنه افضل تطبيق بلا منازع .. الآن صار اسوء تطبيق بلا منازع.. مشاكل ودايما تأخير ودايم اطلب اكل ويوصل متأخر أو مايوصل احيان ويحطو قائمة طعام غير موجودة ف المطعم أو البقالة .. للأسف حتى خدمة العملاء صارت سيئة ومافي أي احترام ولا تعويضات للزبون في حال التأخير ... جاري حذف التطبيق,-1
77,تطبيق سيئ جدا مش شغال في بعض الاماكن لازم تكون من منطقة معينة عشان يحمل معاك ويشتغل,-1
78,من أسوء التطبيقات فعلاً تندم على تنزيله سيء للغايه وغير صادق.,-1
79,👍👏,1
80,هلا هلا,-1
81,ugg,1
82,انا اتكلم عن طلبات اللي في مدينة العين .. الصراحه الخدمة ممتازه سريعين في التوصيل,1
83,مرحبا,1
84,كثير العلانات على فاضي طورو حالكم,-1
85,زي الزفت ولو فيه أقل من نجمة كمان يبقي احسن واسعارة اووووووووووووفر جدا دا خراب بيوت,-1
86,فاشل ٣ ساعات مهمل طلبي بحجه ان المطعم زحمه ولمه رحت المطعم الوضع طبيعي وطلبات ماشيه,-1
87,دة .........ئ ..؟............ ؟. . ؟؟. . . . .. . .. . . .. ... ...... ...... .. . .ةةةة. .ة؟.ىى؟.,1
88,ما بعرف ليش كل الناس بتحتاج هيك تطبيق سيه جدا بصراحه الاكل بارد وكل شي ناقص وبس يكون في غلط منهم الحل بدو اسبوع لا يتعالج,-1
89,كان من أفضل التطبيقات لدي ولكن للأسف الأخطاء كثرت زعلان على تطبيق طلبات إلى ماوصل إليه,-1
90,أنا حزين جدا بسبب الذي حصل اليوم أوردران يرجعو في نفس اليوم ومكالمات كاذبة,-1
91,مشاللة علي الططبيق بس انتو مو عرفيلو,1
92,افضل تطبيق وانصح تنزلونه,1
93,😍✨,1
94,تجربة سيئة وعروض الخصومات وهمية ولم تطبق معى سوى مرة رغم ان العرض ٣ اوردرات ومسئولي التطبيق لا يجدون اي حا,-1
95,مع الشعب رائع حلو,1
96,تطبيق سئ 1-الاسعار اغلي بكثير من اسعار المطاعم بنسبة تتعدي ال25% وهذا كثير جدا برغم اخد سعر التوصيل يعني لو طلبت من المطعم هيبقي افضل 2-الكوبونات غير حقيقية بنسبة 95% 3-التوصيل بطئ جدا 4-خدنة العملاء أسوأ شئ في التطبيق,-1
97,والله حرام عليكم كدة طلب اودرار مارت عبارة عن فرخه وزن 1000/1100والاخر بعتولى دبابيس الدجاج متباله وريحتها وحشى جدا ومنتهى الصلاحيه وكلمت خدمه العملاء بيقولى أن الاوردار وصلى صح ومفيش فى اى مشكله قولتلها طيب ابعت خد الاوردار تانى وشوف انت الصح اللى فى بيقولى هو دة اللى مواضح امامى وانت اللبس الاوردار بجد حسبى الله ونعم الوكيل فيكم على مهزله اللى بتحصل دى والله والله الاوردار وصلى غلط ومش عارف اثبتلهم ازى وبعتلهم الصور الاوردار مش معترفين بيها,-1
98,تطبيق بطيء ولايعمل,-1
99,التطبيق جيد جدا بس بقاله فتره بيتأخر فى وقت التوصيل,1
100,مافيش إشارة برسالة الطيار ياريت وده شيء سيئ جدًا 👎,-1
101,بقي سئ جدا جدا .كنت بتعامل مع الاب من سنين . وكان كويس بس حاليا بقيتوا بالحرف وحشييين جدا وكل شويه كود خصم بيجي فين وفين . وحتي لما يستخدمه تبعتوا اي حجه عشان الخصم ميشتغلش واضطر اطلب من غير الخصم . انا مسحت الاب واي حد قولتله ينزله هنصحه انه يمسحه بردو .خساره كنتوا كويسيين جدا فالاول بس للاسف تقريبا مفيش حاجه بتفضل علي حالها . اسوا تجربه مريت بيها سواء في قله الذوق او غيره ومنصحش حد انه يستخدمه,-1
102,سيئ وكل ماله يصير اسوئ وتوصيل غير منتظم وأنصحكم تحطون الدفع كاش عشان اذا تاخر الطلب كنسلو لان حقكم بيضيع والابلكيشن ما يعطيكم اي تعويض,-1
103,تاعغههطكغع,1
104,تم الغاء طلبي بدون اي اشعار,-1
105,"صار استغلال رسمي، اسعار توصيل عالية، وغير عن هيك بزيد عسعر الوجبة الاصلي للاسفة اصبح سيئ جدا",-1
107,تجربه فاشله جدا جدا ما بحلو المشكله و كل مره المطعم و الكابتن بغلطو نفس الغلط و ما بتخلص الهمجيه عندهم بدهم يطعمو الناس على كيفهو شي بخزي,-1
108,جميل,1
109,التطبيق للأسف اصبح سيء 💔 واسعارهم اعلى من اسعار المحلات مع زيادة الضريبة ورسوم الخدمة ع الفاتورة,-1
110,سئ,-1
111,😂هههههههههههههههههههه ه ههههههههههههههههههه,1
113,برنامج تافه وسيء,-1
114,ممكن اعرف موضوع ال 30درهم,1
115,.تطبيق فاشل بكل معنى الكلمة يأتيني اشعار لقسيمة ثم افتح طلبات أجدها غير موجودة!! ويوجد مشاكل في الطلب من تأخر في الوقت و و ...... بعد التجربة لا أنصح بتحميله,-1
116,لماذا لا يقبل التثبيت,-1
117,طلبات,1
118,سيئ جدآ تم خصم من البطاقه 100 دينار ولم استلم شيئ,-1
119,تطبيق على كيفه يلغي الطلبات. صاير فاشل👎👎👎,-1
121,الموظفين لايردو على استفسارات,-1
122,انا كنت بدفع بفيزا ميزه بنك الاهلي عادي بعد التحديث لا يمكن الدفع بكارت الميزه حاليا كان كل التعامل بكارت عادي مفيش مشكله,-1
123,خرا,-1
124,افضل برنامج توصل,1
125,اسعار غاليه ولا انصح به,-1
126,"سيء جدا، لايتم الرد على الشكوى الابوقت متأخر جدا، كان البرنامج قبل أفضل الآن التفاعل عن الزبون والاهتمام إليه وشكواه لم تعد اولويه عند مشغلي البرنامج.",-1
127,شكرا إلكم,1
128,👌👌 برفكت,1
129,افشل ديليفري في حايل,-1
130,خائب لا يضم مطاعم مهمة وأسعار مرتفعة,-1
131,التطبيق جميل جدا وأحيانا يعطي كوبونات خصم,1
133,لايوجد مصداقيه واسعار مبالغ فيها وتاخير وطلب غير نظيف والفلوس ياخذونها واذا صار مشكله لاترجع والدليل الغاء خدمة الاتصال الهاتفيه اذا عندك مشكله يردون عليك بالمحادثه وطريقت الوصول لها معقده واخر شي الموظف يقول اتصل علي المطعم ومايرد وانا اتصل علي المطعم يرد علي اخر شي يقول نرجع لك المبلغ كاش ١٢.٤٠٠ من تاريخ ٢٨ / ٨ الي اليوم لم يتواصل معي احد واراسلهم علي الايميل يرسلون نفس الرساله متأسفين وسوف نحل المشكله وبالنهايه خذووو الفلوس والاكل غير نظيف والخدمه سيئه والدليل كل التعليقات تقول نفس هالكلام,-1
134,عطيت فلوس باقي يرجع ماعطاني سرقه,-1
136,نصبين وبستغلو الكباتن,-1
137,افضل شركة,1
138,اسوء ابلكيشن علي الإطلاق ولو البرنامج والقائمين عليه عندهم الجراءه يكلموني يكلموني بس مفيش نصاب بيرد علي الفريسه بعد ما ينصب عليها,-1
142,برنامج سئ للغايه طلبت اوردر توصيل مجاني اتفاجأت ان ضايف ٣٦ جنيه توصيل وطلبت طلبات من طلبات مارت جابلي الاوردر مختلف خالص ومش بيلغو الاوردر رغم انه الغلط من عندهم,-1
144,كيف يمكن استرداد القسائم المنتهية,1
145,للأسف تم تحميل البرنامج لأول مره وتم طلب اول مواد وتم إحضار المواد على الوقت ولكن للأسف غير الجوده العاديه وتم اطعامها للعصافير حيث قام احد المندوبين بالتواصل معي وعن وجود أي ملاحظات...وقمت بأخباره عن سوء جودة المنتج ..وكان جوابه فقط الاعتذار...لذلك لم يتم نجاح التطبيق في السعودية قبل عشر سنوات وفشل فشل ذريع عكس تطبيق جاهز خلال سنتين كان رقم واحد في السعودية من حيث التعامل وجودة المنتج والمصداقية.. وخدمة ما بعد البيع..,-1
147,برنامج فاشل جدددددا,-1
152,مافيه الا مطعم واحد والله تطبيق نكته ..,-1
153,سي جدا تم دن افضل,-1
154,خانة الخصومات غير موجودة اجدها احيانا وغالبا غائبا ويقولون ان عندي كوبونات لكن الخانة مختفية ارجو اصلاح هذه المشكلة,-1
155,تمام,1
156,مبلغ التوصيل معادل مبلغ الاوردر ازاي,-1
157,الاسعار مبالغ بها,-1
158,افضل تطبيق بالعالم دام الدون سوا اعلان,1
159,استغلال رفع الاسعار اكثر من بره,-1
160,افضل تطبيق,1
161,مخادعين ضحكو على الدرايفر بالسياره حسبي الله فيكم,-1
162,الأبلكيشن موصلني بدليفري أوردر تاني خالص ومتأخر عن المعاد ساعة ونص.,-1
163,التوصيل جدا غالي الضريبه الاضافيه على المبلغ بالاضافه الى ان الاصناف اغلى من سعرها للاسف تجربه سيئه,-1
164,في البداية كان تطبيق رائعا حيث كان التوصيل مجاني و سريع ايضا لكن الآن أصبح بطيئا و التوصيل ليس مجاني و المندوبين الشباب يتحرشون بل فتياة البيت عند الاتصال نعم ارجو ان تراقبو المندوبين الذين ترسلونهم إلى بيوت العالم,-1
165,عدم احترام وقت توصيل الطلب وبعد الوقت المقدر لتوصيل الطعام 40 دقيقه وبعد انتهاء الوقت تفاجئنا بتمديد الوقت الى ساعتين وعند التواصل معاهم عن طريق الدردشه ماأخذنا منهم غير الكلام الحلو الي لابقدم ولا بأخر المشكله ... هذا ثاني مره اتعرض لنفس المشكله معاهم ولا في حل للشكوى وعندما طلبت التواصل مع الاداره افادوا بأنهم سيتواصلون بعد 60 دقيقه معاي ... الظاهر مشغولين من كثرة الشكاوي هههههه,-1
166,تطبيق مزعج بكثرة اعلاناته الغبية في كل مكان,-1
167,زباااله,-1
168,تطبيق روعه شكرا طلبات,1
169,سييييييييء,-1
170,صاير تطبيق فاشل,-1
171,تعرضت للكثير من النقص بالطلبات و اغلب الوقت يتم الغاء الطلبات لعدم تمكن التطبيق من الالتزام بالمصداقية مع العملاء,-1
172,"اسوء تجربة مع هذا التطبيق، لعدم وجود مصداقية في الالتزام بالوقت، حيث يقوم التطبيق ببيان الوقت المحدد لتوصيل التطلب، وبعد اتمام عملية الطلب يتم مضاعفة وقت التوصيل. ان عدم الالتزام بالوقت، وتضييع وقت المتعامل مع التطبيق لهو من اسوء الامور التي تجعل مستخدم التطبيق لا يثق بتاتاً به.",-1
174,زفت,-1
175,افضل برنامج لتوصيل الطعام في العراق من كل النواحي,1
176,طلبات كريستيانو رونالدو كذب😂👎💔,-1
177,Sincerity of Fatima Zahra,1
178,هين قرشك ولا تهين نفسك...ياليت تلغو الخدمه تبع الاستلام لان التعامل سئ جداً مع المطاعم لما تجي تستلم طلبك.. يعاملك كانك خادم عند ابوه..وعلى أيش على 300 بيسه توفير. (افضلي اطلب مباشرة من المطعم).,-1
179,مرتب,1
180,سيء جدا جدا لايوصل إلى جمي الأماكن في الدولة اتمنا حل المشكلة,-1
181,تطبيق سيىئ جدا تأخير بشكل كبير اسعار غاليه جدا بعملك التوصيل مجاني او بسعر رمزي وبكون رافع سعر الوجبات بشكل مش طبيعي,-1
182,تطبيق زبالة تم طلب وخصم المبلغ في الاخير تم الغاء الطلب من قبل المطعم بدون سبب واضح ولم يسترد المبلغ للان 👎👎👎👎👎👎,-1
183,التطبيق والخدمة أصبحت سيئة جدا للأسف,-1
184,زفت يا نصابين,-1
185,غير مناسب,-1
186,برنامج ظالم ونصاب,1
187,التطبيق سي ولا يعمل,-1
188,غير متوفر في جميع المتاجر,-1
190,ممناز,1
191,تطبيق فاااااشل مادييين وغشاشين وواستغلالييين الطلب اصلا زايدين ع سعرو وبتاخدو رسوظ خدمه وضريبه مبيعات وتوصيل ول عليكم جوعانين انتو وهي رح اشطب التطبيق لاني بطلت استفيد منو,-1
192,من سيئ لاسوء طلبي ٢.٥٠ بصير ٤ دنانير ليس رسوم خدمة ورسوم ضريبة ورسوم توصيل !!!!!!,-1
193,ليه غيرتو اللغه شايفنا اجانب,-1
194,ضض١ص٣ضصصصشك,1
195,سيتم حذفه حتى اعطاء الشباب حقوقهم,-1
196,ممتاز جدا وبشكركم عل هتمام,1
197,تطبيق سيئ,-1
199,غير صادقين مع السائقين,-1
214,هنجر ستيشن افضل من وجهة نظري .,-1
216,تجربة سيئة جدا لا انصح به بشده لايحترم الزبائن ولا الموظفين,-1
217,اسوء ططبيق,-1
218,بخزي🤮 طلبات🤮,-1
219,خايس,-1
221,شركة سيئة بعد ما وعدت سائقيها بتملك السيارة بعد ثلاث سنوات ولم تفي بوعدها ونفت ذلك شركة استغلاليه و يتم خصم ثمن الطلب اكثر من المطلوب,-1
222,تضامنا مع السائقين اللي نصبو عليهم الشركة الهاملة,-1
223,حرام عليكم تضحكو على الشباب وتستغلو قدراتهم ومجهودهم وبالاخر تقولو الهم مالكو اشي لاكن عند الله مابروح حق,-1
224,طلبات وصلولي طلب بالغلط وطلب قديم كانه معموله من ٣ ايام ولما اتصلت على خدمة العملاء قلت لهم هذا ليس طلبي قالوا مانقدر نسويلك شي تواصل على لايف شات ولايف شات متوقف.. يحطون العميل بمتاهات وتروح عليه فلوسه وهذا اللي حصل معي جاري حذف التطبيق,-1
225,سيئ جدا,-1
226,لا استطيع تحميل التطبيق.. أحاول أن أحمل التطبيق من أيام لكن من دون اي جدوى,1
227,برنامج ممتاز ومفيد,1
228,شركة نصابة لا تستحق الاحترام .............................................................................................................................................................................,-1
229,سئ جدا ولا يتم محاسبة الكباتن بشكل عادل,-1
231,سيء جدا لانكم نصابين رجعو حقوق الموظفين #مقاطعة_تطبيق_طلبات,-1
232,لم تلتزم الشركة بإعطاء العمال السيارة بعد ٣ سنوات كما وعدتهم سابقا,-1
233,سيئ جدا لانو بعد فترة قامو بحظري,-1
234,تطبيق فاشل وبكل مقاييس المهنه,-1
235,زباله,-1
236,تطبيق سيئ جدا ...واسعار وعروض مخادعه,-1
237,سيئ جدا والكباتن مظلومة مع هيك تطبيق,-1
238,تطبيق فاشل وغير ملتزم في قوانين وزارة التجاره من حيث تسعيرة التوصيل وتلاعب في الاسعار بالاتفاق مع المطاعم واذا اخطئو بالطلب يضيع حقك وفلوسك وعدم اهتمام بالزبائن والموضفين القائمين علي الدعم والمساعده بالتطبيق يسعون الا افشال التطبيق بحجج واهيه وغير مقنعه وتظيع المبالغ وعدم المساعدة في ارجاعها او مطالبة المطعم في اكمال الناقص من الطعام انصح بعدم تحميل التطبيق ولي ضمان وصول طلبك كامل وساخن اطلب من المطعم مباشره,-1
243,نصب واحتيال,-1
245,كله كذب بكذب,-1
247,غير مناسب اسعار اغلى عن المعروض,-1
248,"كتير حلو التطبيق ، بس ما في قسام كل تلات سنين تعطوني وحده ؟",1
249,سيئ وكان في اغراض ناقصه ما قدرنا نتواصل معهم,-1
250,لا انصح بتحميل البرنامج,-1
252,فخميين,1
253,حتى نجمة ما بستاهل بضحكو على بالتوصيل المجاني وبزيدو الضرائب وغير هيك بسحبو من الفيزا بدون ما يتأكد الطلب 🙂,-1
254,للاسف الربح المادي يبدو أنه المتحكم الوحيد بالشركات... ومن باب أولى كسب الموظفين,-1
255,تطبيق زبااااالة ونصابين,-1
256,شركة نصابة,-1
932,انتو بقيتو زفت كدا لية مش عارفين تحلولى مشكلة ابلكيشن بقى زفت وياريت لو اقل من نجمه كنتو خدتوها,-1
933,تطبيق سئ جدا ومعظم مندوبين التوصيل قلالة الادب واخر واحد فيهم بيزعقلي ويقولي مش شغلتى اطلع الاوردر انزل خده مني ..ويقولي روح اشتكيني.. انصح باستخدام تطبيق المينيوز كبديل مصرى محترم واللي شغالين فيه محترمين مش زي بتوع طلبات,-1
934,مفيد جدا,1
936,جميييييل,1
1944,ياخي احذفوا تكرار هذا الاعلان. كل مرة يطلع لنا.. ما ينفع ابدا كذا,1
1947,التطبيق روععععععععة ينصح ألكسلان إلي يسوي نفسة مريض مشان ميايروح يتسوق 🤣🤣🤣🤣,1
1948,عملت الغاء لطلب بالفيزا الغي الطلب ولم يتم استرجاع المبلغ للفيزا يعني حراميه,-1
1949,لسه هجرب,1
1953,من جميع النواحي ما شاء الله تطبيق رائع جداً سعر🔝 مدة توصيل🔝 جودة توصيل🔝 خصومات🔝,1
1954,رائع جدا ويخدم بسهوله,1
1955,كنت اعمل هيك بس ما بخصم بس انتهت القسيمة بدون ما اقدر اشتري منها ليش هيك,-1
1956,جميل وسهل وسريع التوصيل وآمن ويعرض خصومات رائعه,1
1958,افضل وأروع تطبيق علي الاطلاق من جميع النواحي مثل وقت التوصيل والعروض والخصومات وتعامل الموضفين والله روعه وايضا من ناحيه القسائم روعه ماشاء الله ومن ناحيه الاجوبه عن الاسئله متوفر لجميع اي سوال ويستحق جائزه افضل تطبيق على وجه الأرض ويمكن ان اذا تخربط المطعم في طلبك وطلبت منهم تعويض يعوضك مباشر في المبلغ الذي دفعته ويمكنك شراء اي شي تريده من طعام وسكاكر ومستلزمات المطابخ يعني ماشاء الله اقسم لكم ياجماعه اني احبو هاذا التطبيق بشكل غير طبيعي واتمني ان تهدونني قسيمه لاني تعبتو وانا اكتب وبتوفيق لكم,1
1960,جميل و رائع❤️❤️,1
1995,يوجد عنصريه طبقيه في البرنامج ده منطقتي لا يوجد توصيل طلبات ليه أخرج بره المنطقه يوجود والمسافه كليو مترا واحد,-1
1998,تطبيق زباله حطيت كود خصم 50 ريال عساس يخصم بس وصلني مندوب ماك قلي مافي كود خصم ودفعت المبلغ كامل ولا كانه انخصم شيء,-1
1999,تطبيق معفن,-1
2000,خياس,-1
2001,جميل جدا في كل الاوقات,1
2002,كمية بطئ التطبيق غير طبيعية ودائما يعلق,-1
2004,تطبيق مميز جدآ,1
2005,في البداية كان التطبيق كويس ولكن الآن أصبح سئ جدا اغلب المطاعم مشغولة وزيادة في الأسعار غير سعر التوصيل ضريبة القيمة المضافة وغير أن الأسعار غير الموجودة بمنيو المطعم أساسا,-1
2017,بجد تطبيق زباله مش عارفه اتعامل معاه خالص وهمسحه مش ظاهر غير مؤسسات خيريه فقط,-1
2018,اول مرة اوصي من عدهم كانت في شلة ناقصه إلهي التاكيس مشيتها ابعت للعامل ما يرد وبعد مليون سنة يرد مشيتها بس تجبلي الاشياء وانا قدامك بدي أخذهم وهو مشغول في التليفون لا والله ما بمشيها,-1
2019,والله كل تطبيقات التوصيل انتهت خلاص,-1
2022,تطبيق سيء جدا,-1
2023,سيء لانه المواد اسعارها مرتفعه ولايوجد جميع المنتجات مثل محلات السجائر مفقوده لانه سعرها مكشوف أما وقت التوصيل جيد ارجو توفير جميع المواد وتعديل الاسعار,-1
2024,تطبيق رائع جددددددآ,1
2025,نتبيثعابيياتتبسانغقصثفغثسسششبنفسشصغخثشس,1
2026,طلبات دا افضل تطبيق,1
2027,اسواء تطبيق في تاريخ (وخاصة خدمة عملاء كول سنتر في مصر ) موضف عادي مستعد يكذب عليك ويضحك عليك مقابل تعطيه ٥ نجوم تجربة فاشلة لم يتأخر عليك طلب تتواصل مع خدمة العملاء تخيل موضف بحكيلك طيب يا افندم طلبك في طريق خلال ٥ دقيق راح يكون عندك وبكون لسه طلب مش واصل المطعم او بكون في خلل في تطبيق الفاشل..لعنه الله عليكم من تطبيق شغل كذب وضحك على العميل,-1
2028,سائق بأخر طلب على كيفه ووقتك بروح انتظار,-1
2029,زى الزفت طلبت اوردر تكلفته 293 وماجاش وإكلمهم يقولوا وصل كلمت السائق يقول وصلتوه العنوان اللى انت كاتبه وصلتوه لمين يقول العنوان طيب مين اللى خدوه معرفش ازى هو مش ليا اسم ورقم تليفون فى الابلكيشن ولا هو نصب وخلاص وسرقة كمان لأن رجعو الفلوس رصيد طلبات ومش راضي يطلب اوردرات تانى تم الطلب والطلب وصل مع سائق اخر والغريب أنه جه لحد البيت عن طريق الموقع بتاع البرنامج منغير مغير العنوان يبقى المشكله من السائق وليس الموقع,1
2030,برنامج زفت حط انو وصل الطلب لاكن ما وصل وتواصلت مع المساعده علفاضي,-1
2031,رائع بكل معنى الكلمة 🤍🤍,1
2033,باختار الخصم مش بيحمل وتقيل جدا,-1
2041,فاشل ومادي ومايوصلون بسرعه الا اذا الطلب كاش,-1
2042,لا يوجد عروض لمدينه معان في الاردن بينما العروض تشمل باقي المدن!,1
2043,تطبيق خبيث القائمين عليه شحاتين ومرضى نفسيين يعني إيه كل ما يعجبني مطعم وأطلب منه مرتين أجي بعدين أكرر أي طلب من نفس المطعم يقوم التطبيق الحثاله يقول لك خدمة المطعم ده غير متاحة جرب مطاعم اخرى أنا دلوقتي عاوز أفطر والمطعم اللي طلبت منه جنب البيت فول وفلافل ابوطه رافض ينفذ أي أوردر من نفس المطعم ويقول لك جرب مطاعم اخرى القائمين على التطبيق ده ناس حثاله متخلفين ليه تجبرني كل شوي اغير المطعم وانت مال أهلك انت كده كده بتاخد مني رسم التوصيل عامة أنا هحذف التطبيق من جوالي وجوال مراتي وعيالي,-1
2044,تفووووو ع هيك تطبيق غالي وخرا زيكم انقلعووووووووووووووََ,-1
2046,عدم المصداقية فاشل,-1
2047,تطبيق افشل من الفاشل ... استهزاء بالزبون اخذ مبالغ زياده دون وجه حق ... توقيت فاشل فوق الوقت المقرر ... بعد الساعه ١٢ ليلا الطلب ملغي دون تبليغ بذلك,-1
2048,الطلبات بتيجك مختلفه,-1
2049,بجننننن🙂❤❤❤❤❤,1
2050,جدا جدا جميل و تعامل الموظفين جدا محترم,1
2051,كثير كويس,1
2053,سى جدا... رمز خصم القسائم لا يعمل,-1
2054,شكرا على التعويض عند التأخير بلطلب🤗,1
2055,سيءجدا الطلب غلط زيادة بالسعر تحطوا ١٧٥٠ندفع ٤دنانير ليش كل مايفتح التطبيق بتحول انجليزي عبرونا شوي حولنا عربي خلص لازم يثبت عربي,-1
2056,خورافي عرضاتكم قليله جدا,1
2057,لماذا لم أتمكن من استخدام القسيمه,-1
2058,رائع جدا جدا جدا جدا جدا جدا جدا جدا جدا جدا جدا جدا جدا جدا جدا جدا جدا جدا في حلو بس مو الحين بعد ما اخلص مايجيب ارجو تحسينه,1
2059,الخدمه سيئة,-1
9959,واوووو سراحه,1
9961,ولا يسوي نجمه,-1
9962,التطبيق كاذب في موضوع الخصومات ومفيش خصم ولا اي حاجه,-1
9963,الخدمه سيأه,-1
9964,ارجو مراقبه كنتاكي لانه بيجيب الاوردر غلط مبيلتزمش بواصفات الاوردر يعني تطلب صدور تيجي اجنحه حتي الكانز بيجي غلط اما الابلكيشن طلبات سعات كتير كود الخصم مش بيقبل رغم انه بيكون ساري,1
9971,ح معا تتت ياتي في البيت حل ٠حح٠0,-1
9972,برنامج جميل ورائع,1
9973,ياريت التطبيق يكون للاحياء,1
9974,اعلانات كذب ولا فيه خصومات ولا بطيخ ناس غير مسؤوله وشركة أقل ما يقال عنها انهم نصااااابين,-1
9975,التطبيق مش مستقبل المكان بتاعي,-1
9976,نوك مرحبا مليون دولار أمريكي,1
10955,حقيقي حلو جداً والله ومش بتتأخروا في المواعيد🙊❤️,1
10957,هائل,1
10958,عايز أعرف أطلب من كنتاكى أو ماكدونالدز إزاى من على البرنامج؟,1
10959,جميل جدا التطبيق,1
10960,دك,-1
10961,شئ جدا بالنسبة لي كل ما نطلب ما يوصل الطلب بسبب مشاكل التطبيق ما أنصح فيه ابدا,-1
10962,رائع جداً ❤️❤️,1
10963,تطبيق أتمنى له النجاح والإنتشار لأن فيه فكرة جميلة وعروض مذهلة,1
10964,انا طلبت ولاكن مره أسبوع ماوصل وانا حذفته وانا الان ابغا اكل😢 😢😢😢😢😢😢😢😢😢😢😢😢😢😢😢😢😢😢😢😢😢😢😢😢😢😢😢😢😢😢وانتي حلي مشكلتي باي أحبكم شكرا لكم وانتم الأحلى وراعين ابدعتوا وشكرا لكم أنتم الاغلى,1
10965,جميل جدا احلى برنامج,1
10966,رح اجرب التطبيق ولأننا يكون حلو,-1
10967,غير متاح توصيل الطلبات لدي في مدينتي الخاصة بي فلماذا وجود البرنامج لدي فلابد من حذفه,-1
10968,حلو بس المكان اذا بعيد ما بيروح بث هم يصلحون,1
10969,البرنامج زفت ...وخاص اذا انت مسجل معاهم في طلبات وصاحب مطعم للاسف ماشي تجاوب سريع,-1
10970,التطبيق احسن حاجه في انو بيعرف موقعق علطول مش معتاج تكتبه,1
10971,خراااال,-1
10972,الحمد لله انهو موجود في البرد,1
10973,جيد جدا ممتاز,1
10974,احاول اعاده تنزيل تطبيق ماينزل شي و الحل,-1
10975,تطبيق ممتاز جدا جدا جدا واكتر من رالئع,1
10976,روعة 🖤✨,1
10977,افؤق45ع66 ققق33يغع6يث,1
10978,مفيش توصيل للمكان يلي ساكنه فيه 💔 ياريت توصلو اكتر,-1
10979,ممتاز👍💕,1
10980,يتست,1
10981,السلام عليكم ورحمه الله وبركاته قبل ما استعمل برنامج هذا انا ليس مع رصيد لاو سمحتم اتصلوا بي عشان مش معايا رصيد انا احمل البرنامج دلوقتى ولما ابعت رساله اتصلوا,1
10982,لايوجد توصيل في مدينة قويسنا,-1
10983,"تم سرقة طلبي ولم يتخذو اي اجراء ولم استلم طلبي ولا رجع مبلغ، وتواصلت معهم قالو تحققنا من الامر و تم استلام طلب لعنكم الله يا كاذبين ولا اثق بهم بعد الان 👎👎👎👎👎",-1
10984,كدابين يبلغوا الخصم بعدالطلب,-1
10986,ليش ما يستوي أطلب لأنه ما يوصل الطلب من وين مكاني,-1
10987,برنامج قوي أقوى برنامج طلبات,1
10988,عروض كدابه طلبت حاجات ب 59.99 بالخصم وبعد لما جاه الكابتن لقيت بيقولي 110 بقولوا ازاي والخصم قالي مفيش خصم,-1
10989,جميل جدا جدا جدا جدا,1
10991,جميل و رائع جدا جدا جدا جدا جدا جدا و شهي,1
10992,تم تنزيل التطبيق و لا يفتح جربت اكثر من مره ولا يفتح .. تطبيق فاشل لا انصح به,-1
10993,برنامج وحش جدا جدا برنامج محدش ينزلو 😡,-1
10994,كاذبين ومفيش عروض,-1
10995,السلام عليكم ورحمة الله وبركاته الصراحه الموظف زيه متسخ ومن كثره الاستعمال لونه اسود ودائما اراهم يجلسون في لشوارع ويتسامرون ولا يرتدون قفازات ولا اعرف عندما يستلم الطلب هل يعقم يديه ام لا وايضا ارى انهم لا يلتزمون بلتباعد اراهم دائما مجتمعين,-1
10996,ممممممتتتتتتتااااااازززززززز,1
10997,Good 💓,1
10998,جامد جامد جامد اوي اوي,1
10999,للاسف بقي سئ جدا ومفيش اهتمام بالعملاء التطبيق كان رافض يتم اي اوردر وبعد معاناة 10ايام مع خدمة العملاء الحمدلله مشتغلش بردو ومسحته وريحت دماغي,-1
11000,بتختاروا الأماكن اللى على مزاجكم,-1
11001,"شسالفه انا من الكويت ومن امس مايشتغل عندي البرنامج كاتبين خطأ في الإتصال الخدمة غير متاحة خدمة طلبات متوفرة فقط داخل منطقة دول مجلس التعاون الخليجي ، الرجاء إغلاق خدمة VPN أو Proxy إن كانت مفعلة و إعادة المحاولة مرة أخرى . أعد المحاولة بليز بليز حلو تلمشكله لان جوعااان 😭",-1
11002,عدد المطاعم قليل,-1
11003,ناصر,1
11004,افضل تطبيق بالتاريخ,1
11006,انتم نصابييييين,-1
11007,انا ليس ما جربة,1
11008,احبكم😍,1
11009,خش برمج,1
11010,انا حملت البرنامج ومسحته عشان قلي المنطقه لايوجد توصيل لهذه المنطقه ده البرنامج الاول في توصيل الطلابات,-1
11012,كود الخصم كل ما ادخله يقول القسيمه لا تعمل مع هذا المحل,-1
11013,للاسف برنامج سئ ولا يوجد به تنسيق بين افراد العمل,-1
11014,واااااااااااااااااااو المطعم يستحق ١٠٠٠٠٠٠٠٠٠٠٠٠٠٠٠٠٠٠٠٠٠٠٠٠٠٠٠٠٠٠٠٠٠٠٠٠٠٠٠٠٠٠٠٠٠٠٠٠٠٠٠٠٠٠٠٠٠٠٠٠٠نجمه تعديل/اول مره التطبيق يرد علي😁😁,1
11015,ضالات💓💓💓👍👍👉👉👉👉👉👉👉,-1
11016,متازززه رئععع,1
11017,رائع ومن افضل تطبيقات التوصيل واجمل شئ انه بيكتب ساعات العمل للمكان المراد منه الطلب,1
11018,عروض وهميه وصفحه الفيس بتاعتهم مش بترد وحاجه تدل انهم شغالين دعايا وخلاص,-1
11019,أوساخ ما فيش عروض خالص ما حدش ينزل التطبيق الوسخ داه,-1
11020,تطبيق جميل ورائع يعني الطلب بيوصل بسرعه ب الاسعار غاليه,1
11021,كل الشكر ل طلبات على المصداقيه,1
11022,إنه لا يعمل,-1
11023,سئ للغايه .انا ساكنه مش ف مكان عشوائي . ف المرج الجديده عند محطه مترو. ما معني انكو ما بتخدموش المنطقة دي. برنامج فاشل,-1
11024,سئ جداً لا يوصل الى مكاني سئ جداً جداً جداً,-1
11025,احسن برنامج بس ياريت يكون فيه عروض🤩,1
11026,افضل تطبيق اكل بالعالم ربنا يباركلوكووو🤩🤩🤩,1
11027,الان اصبح علي احترام للمواعيد كان الاول اسم اطلب,-1
11028,اسوي تطبيق في التاريخ تطبيق فاشله جدا جدا,-1
11029,جميل... 👌🏻,1
11030,ررروعه,1
11031,بيجنن,1
11032,جزاكم الله خيرا,1
11033,مرات بهنج,1
11034,تطبيق ممتاز وخدماته سريعة 👍,1
11035,كيف طريقة التسجيل مندوب توصيل عندكم,1
11036,كذا هاذا الى يستاهله التطبيق,-1
11037,"تطبيق جيد ، بضائع وخدمات توصيل جيده ، عروض وخصومات في بعض الأوقات ممتازة .. اما عن السلبيات الأسعار مرتفعة نوعا ما في البقالة وغالية جدا في المطاعم بالإضافة إلى أن أسعار توصيلها جنونية مثلا 12 أو 9 درهم تضاف لثمن الوجبة فالافضل ان اطلبها مباشر من المطعم أفضل .. وعن ذاك الذي وضع ثمن نصف دجاج مظبي 39 درهم واضاف اليها ثمن توصيل 12 درهم أتسأل اي مغفل هذا الذي سيشتريها ؟ وثمن الوجبة ذاتها في غير مطاعم 23+ 3 توصيل فقط لماذا ادفع عندك 41 هل هذا معقول ؟ يجب إضافة مطاعم عربية جيدة واسعارها مناسبة للجميع",1
11039,عمال التوصيل أكثرهم غير محترمين في السياقه والتعامل مع الزبون وأكثر المطاعم عندكم طريقه التغليف سيئه وانا نادم فعلا لأني تعاملت معكم وهذي اخر مره نستخدم التطبيق انا مع عائلتي,-1
11040,البرنامج ممتاز بس الأكل يوصل بارد المندوبين يفضل يكون عندهم حقائب حفظ الأكل,1
11041,سيء جدا لا يتيح الطلب نقدا,-1
11042,هو كان عجبني جدا بس حصلت مشكله طلبت اردر وبعد ساعه اتصل بيا قالي الطلب مش موجود في المطعم اتخنقت معاهم ومن سعتها التطبيق مش راضي يشتغل عندي بعت كتير ولسه مش شغال,1
11043,زبله,-1
11044,الرجاء زيادة التطبيق بالتوصيل في نطاق مدينة السلام_الموقف العاشر.,-1
11045,كتير حلوه ♥️♥️❤️❤️,1
11046,مافي رقم,1
11047,للل,1
11048,جميل جدا وبيوصل الطلب بسرعه 👍,1
11049,خحق خمر دي,1
11050,ليش ما في توصيل للضليل,-1
11051,بجننن كتيررر,1
11052,ليش ما عايز يفتح كل ما اجي افتحة يقولي تم إيقاف طلبات,-1
11053,هو يستاهل خمس نجوم بس انا ما يفتح عندي ما يرضا يحدد الموقع ما اعرف ليش,1
11054,تطبيق غير جيد ويحتاج إلى تطوير كبير 😡,-1
11055,لا يستجيب التسجيل,-1
11056,تطبيق ممتاز ....,1
11057,تطبيق مش محترم ابدا تاني مره ادخل كوبون خصم وميتفعلش ويضحكوا عليا وادفع تمن الاوردر ...وخدمه العملاء الشات بتاعهم منتهي قله الذوق يتكلم ويقفل الشات قبل ما تكمل كلامك ..نصيحه مني محدش يتعامل معاهم تاني,-1
11058,مصرمحمدمحمد,1
11059,معفنه جداااااااا,1
11060,رائع جدااا👍🏻❤,1
11061,عروض وهمية الخصم يضاف ضريبة,-1
11062,ممتاز اشكر إلى صمام هيك برنامج وختمتكم ممتازة,1
11063,احلى لعبه بالعالم بس والله خليها تنزل على السريع اذا نزلت على السريع بشركم للابد,1
11065,خدمااات ولا أروع وانصح الكل ينزل ويستخدم التطبيق,1
11066,احمد ابو احمد 😍 😍 ◀ ❤ 💗 🇦 ▶,1
11067,كريم وليد عيد,1
11068,احب طلبات وايد ويسعدني اذا يوعانه,1
11069,تجربة سيئة .. ما بوخذو بالتقييم وما في تنسيق بين التطبيق والمطاعم او الشركات الي بتتعامل معه والأخطاء بتتكرر ودائما العميل بتحملها .. بتكون طالب اشي وبوصلك اشي ثاني ولما تراجعهم بدخلوك بدوامة الكول سنتر برميك على المطعم والمطعم برميك على التطبيق وبالنهاية بتقرف وما بتوصل لنتيجة,-1
11070,برنامج ممممتاوزز جدددا,1
11071,شكرا لكم يا طلبات والله انا لما اجوف اكلات كلها حلو وتجيبولي سريع مشاءالله جربو كلكم تطبيق طلبات ❤🤍,1
11072,والله التطبيق جداا سيئه ماموجود توصيل للعراق بس حبيت اخلي نجمه وحده علمود اكدر اكتب التعليق انصحكم لاتجربو,-1
11073,شكرا علا تفعلكم معانه🤩🤩,1
11075,ممتاز جدا جدا ويستحق أكثر من ١٠ نجوم والله,1
11076,👍👍👍👍👍👍👍👍👍👍👍👍💓💓💓,1
11077,السلام عليكم و رحمه الله و بركاته برنامج الطلبات مره فكره عضيمه و يستاهل خمس نجوم⭐⭐⭐⭐⭐,1
11079,ما زال هناك بعض الاخطاء يجب ان يكون التطبيق دقيق مع الاستخدام عند التوصيل لانه لم تصل الطلبية التي طلبتها وشكرا,1
11080,اهبل,-1
11081,مشكلتكم انكم مبتوصلوش لكل الاماكن وده وضع سيئ للاسف,-1
11082,وحش جدا أنتم حرميه حسبي الله ونعم الواكيل,-1
11083,تطبيق زق,1
11084,جديده,1
11085,بينصبو على الناس,-1
11086,Amro,1
11087,التطبيق دده سهل علينا حياتنا,1
11088,لا يوجد مصداقية لانهم لم يعطوني بعد اول طلب رصيد مجاني مع العلم طلبت اكتر من طلب,-1
11089,برنامج مميز بالتوفيق,1
11090,تتبتبتبنباباببغينثهزرزرثز زرزر!,1
11091,بكل صراحة تراجع ادأكم كثيرا اكثر من مرة اطلب طلب ومايطلع نفس اطلب غير اتعامل سيئ من سائقين وعدم تغليف طلب وشكل سيئ وكل الاحترام وبتمنى ترجعو مثل قبل ويكون عندكم مصداقية اكثر وشكرا .,-1
11092,هو عظيم وكل حاجة انا بس عاوزكم تضيفوا خيار لما استخدم محفظة طلبات الخاصة بي والفلوس مش مكفية إضافة رغبة وسيلة تانية مساعدة إلى الدفع بجانب المحفظة ام كاش أو البطاقة الائتمانية مش تفرضوا عليا استخدام البطاقة الائتمانية افرض انا مش عاوز استخدمة,1
11093,انا معيش فيزا هل يوجد طريقه الدفع بعد الاستلام,1
11094,روووووووعه💛👍,1
11095,نجمه كتيير ع البرنامج القرف دا اقسم ربالله 👌,-1
11096,تطبيق عكيف كيفكو وخدمه مرتبه 🔥❤️,1
11097,باي بلد,-1
11098,رائع سوشي,1
11099,لا يوجد عروض قويه واغلب المطاعم والبقالات لا تقوم بتوصيل لمنطقتي,-1
11100,It's not good,-1
11101,لا استطيع الاستفادة من الخصومات لا يظهر عندى اضافة الخصم,-1
11102,ما شاء الله خدمة رائعة,1
11103,خدمة التوصيل راءعة جدا,1
11104,التطبيق جداً حلو,1
11105,الخدمة سيئة جداً,-1
11106,ممتازا,1
11107,Sucks,-1
11108,محمود معوض عبد العزيز,1
11109,مرتب متكتك اساطير,1
11110,أفضل برنامج,1
11111,كل لم اطلب من مطعم يقولى هذا المطعم لا يدعم الكود ايه اعمل مع العلم ده اول اوردار,-1
11112,ممكن تضيفوا شاورما الرنة,1
11113,ممتاز وليس موفرا,1
11114,بيقولو ان ف خصم ٥٠ جنيه ع اول اوردر واول لمه ادخل الكود يقولي لقد انتهاء الصلحيه,-1
11115,العرض لسه موجود,1
11116,مو حلو خالص بقيت ربع ساعه وانا اشتري ورد وهدايا وجبات بالآخر ما في غير وجبات تنين في السلة 😢💔😟,-1
11118,ممكن تعمل الاوردار يوصل بعد تلات ايام 😂,-1
11119,حضرتك العرض بتاع 50 جنيه مش شغال وكل ما اجي اطلب يوقلي يستخدم لي مرة واحد فقت وانا عمري ما استخدمه وشكرا اعتني رابط اتواصل معاكم بيه ولا ايه,-1
11120,التوصيل محدود,-1
11121,أسهل تطبيق بالتوفيق,1
11122,تطبيق جميل يحضرلي كل ما احتاجه من غير ماروح أشتري الطعام,1
11123,انا اكثير ما انخدعت من الصور,-1
11124,معفن و كذابون غيروا الطلب و مسح خدمه 3 دينار,-1
11125,البرنامج الرائع في عالم الموضة الجديدة اكل ورد صيدليه,1
11126,تطبيق سيئ الاكل وصل خربان والببسي نازل ع الاكل خدمه سيئه اتواصل مع المسؤلين ما يردون. ما يستحق ولا نجمه,-1
11127,اشكر كل من يعمل في الخدمة,-1
11128,كيكه,-1
11129,تطبيق حرامى,-1
11130,الادارة فاشله,-1
11131,زفت و من الافضل عدم استخدامه للتأخير و عدم الاعتذار او محاولة ارضائك .,-1
11132,👍🏻👍🏻👍🏻👍🏻👍🏻👍🏻👍🏻👍🏻👍🏻👍🏻👍🏻👍🏻👍🏻,1
11133,ممتاز جدااا ومواعيد مظبوط,1
11134,دايما المطاعم اللي عاوزنها دايما مشغول ونتصل على المطعم بيبعت الاوردر عادي وعلى التطبيق مشغول,-1
11135,تأخر في توصيل الطلبات و عدم دقة المواعيد,-1
11136,وو اطلب من ع اطلبب طلبتنا كلنااا 💃💃,1
11137,كان الخطاء من الهاتف التطبيق روعه افضل تطبيق للتوصيل,1
11138,يا جماعه نفسي أنزل البرنامج ومش يفتح خلاص بيعمل خروج وكلمة تقرير انا منزله من ع المتجر هل له مكان تنزيل آخر,-1
11139,ديليفري هات اقسم بالله احسن احسن احسن شيء في حياتي,1
11140,معرفش ايه مشكله كل المطاعم الى بتكون مشغوله وقت طويل ومش بعرف اطلب منها دى اومال انا منزله التطبيق ليه عشان المطاعم تبقى نصها مشغول 😶,-1
11141,لن في اكل,1
11142,هو التطبيق جميل جداً بس اتمني يعملو خدمة توصيل زي كدة في اسوان,-1
11143,جميل🤍🤍,1
11144,وحيش و ملوش لازمه,-1
11145,برنامج ممتاز بيوصل الطلب ع طول شكرا طلبات وبالتوفيق,1
11146,الاكل ممتاز والتوصيل سريع,1
11147,ولا أروع 💪🏻🔥,1
11148,نصب واحتيال على الزبائن تقييمكم صفر,-1
11150,اسعار التوصيل مش منطقية المطاعم بنفس الشارع والاسعار مختلفة !؟ غريب !,1
11151,السعر وتصيل غالين ع الفاضي,-1
11152,نصابين وحرامية وبيعملوا عروض وهمية وبيخصموا الفلوس غلط وبيرفضوا رد المبلغ بعد كده ويفضلوا بس يعتذروا,-1
11153,نصابين وبيخصموا فلوس زيادة من الفيزا لا انصح احد بالتعامل معهم,-1
11156,تطبيق ممتاز بالتوفيق يارب,1
11157,تطبيق ممتاز جداً لكن ارجوكم حطو صور اكثر للاكلات عشان نختار,1
11158,سيء جدا .. وعدم الالتزام بالوقت دايما.,-1
11159,قرف بصراحه ليعود ساعه علشان يجيب الطلب,-1
11160,رائع جد رائع من كل قلبي بحكيلكم,1
11161,تجربة ان يبقي ليه فلوس اتسحبت من الفيزا وتفضل في المحفظه بعد 3 شهور يقولك خلاص راحت عليك يبقي كده شركه حراميه,-1
11162,برنامج اكتر من راءع,1
11163,كل مره بطلب الطلب بيجي غلط,-1
11164,نار 💋💋💋,1
11165,التحديث الجديد اصبح زفت.. الشبكه عندي ممتازه و شغاله ادخل تطبيق الطلبات يطلع لي غير متصل بالنت؟ ليتني ما حدثت 😤,-1
11166,لا احد يطلب من طلبات قبل ما يوصل الكل شفته يتفل على الكل,-1
11167,روعه بجد الاكل جميل,1
11168,عذرا لا نقوم بالتوصيل لهذة المنطقة ليه موجود في كفر الجزار بنها؟؟؟؟ مع ان المكان مفيهوش حاجة اشمعني؟؟ سئ جدا جدا,-1
11169,جميل وسريع في التوصيل,1
11170,جميل و عماني,1
11171,اخذو مني مصاري وما رجعوهم,-1
11172,عندي مشكله بقاله فتره في الابلكيشن وبعت اميل وكلمت خدمه الشات وكل ده هل في رقم لتواصل,-1
11173,هوه انا من قريه فى طلخه فى المنصوره ممكن يجى لحد البيت ممكن ترد عليه,1
11174,أحسنت طتبيق في العالم وفيه جميع المطاعم بس ياليت تسوون نودز كوري حار,1
11175,الصياد,1
11176,اسؤ تطبيق في الدنيا العروض كلها كذب,-1
11177,بالتوفيق,1
11178,أحبكم يوعانه انتوا موجودين 😭💕,1
11179,تطبيق ممتاز في مدينة العقبه غالبية التوصيلات مجانيه او قليلة التكلفه . اما في عمان وبالذات عمان الشرقيه فاسعار التوصيل مرتفعه جدا وتكون احيانا اعلى من سعر الطعام المطلوب وذلك لبعد المسافه . نامل عمل اتفاقيات مع مطاعم ومحلات عمان الشرقيه,1
11180,ممتاز يلا حطولي بطلبات باي مصاري عشان اوصي,1
11181,تطبيق سيء جدااااااا,-1
11182,غلل,1
11183,انا حددت موقع الطلب وماجاليش,-1
11184,هوه حلو جدا بس مش فيه ماكدونالدز,1
11185,المرتفعات الإثيوبية في هذا والله انا في الطريق إلى جانب اخر اصدار التوصية الحالي في هذا والله انا في الطريق إلى أن هذا والله 😂😂,-1
11186,ابلكشين رائع وسريع,1
11188,ابكيشن جميل جدا جدا وفيه كل حاجه ممكن تحتجها وفي عرض وخصومات,1
11189,حابب اكون مندوب توصيل لحسابكم كيف انضم لكباتن طلبات,1
11190,من اسوء التطبيقات ولا مره طلبت ووصل في موعدة ابدا,-1
11191,التوصيل سريع ومصداقية عالية,1
11192,تطبيق رائع وانصح الطا بتحميله,1
11193,كنت. حابب اشتغال فى طالبات بس مش عارف المكان الى اقدم فى مع العلم انا من اسكندريه سيدى بشر ٠١٢٢٠١٢٠١١٨ مش عارف. محتاج رقم حد اتواصل معها,1
11194,للاسف فيه وسيله من وسائل النصب الجديده zagazig50 المفروض ان دا كود خصم 50 جنيه داخل الزقازيق بعد ما بنعمله وبيقول انه تم قبوله هوب دبل كيك تلاقي الاوردر بقيمته العاديه 😂 شكل ع النصب الجديد 😂😂😂,-1
11195,خدمه العملاء فاشلين,-1
11196,احسن برنامج شفته في حياتي وطلبات توصل بسرعه,-1
11197,في مشكلة بالتطبيق انوا ما بوصل على اللبنان و بتمنى انكن تساعدوني,-1
11198,رائعععع 🤩,1
11199,بيقولى تم ايقاف طلبات,-1
11200,بانسفغيب بتتاااتتاق,1
11201,بتعملو بلوكات لحسابات الناس وبتصرفو المصاري اللي فيها ولا حياة لمن تنادي لو راجعناكم عالفاضي,-1
11202,"تحسن التطبيق في الآونة الأخيرة وهذا بفضل جهود العاملين علية شكراً لكم⁦(✯ᴗ✯)⁩،،كان هذا تعديلاً لمراجعتي السابقة",1
11203,جميل جداَ,1
11204,كل لما احمل الابلكشين اجي افتحه يجلي اغلاق التطبيق موافق و تقرير,-1
11205,عشان اسعار التوصيل رخيصه يطلعون عينك...طلبت منهم ساعه ونص ما وصل طلبي رغم انهم كاتبين اسرع شي...واتواصل معهم يقولون بعد عشره دقايق في الاخر قلت لهم يلغو الطلب ولغو الطلبيه وفلوسي ما رجعت....,-1
11206,التطبيق رائع ولكن العروض قليله جدا في محافظه مثل بورسعيد وكل التركيز على القاهره والمحافظات الاخرى,1
11207,طبيق وحش وحرامي والله اخد فلوسي ومش راضي يرجعها كل دة عشان طلبت استعادة للفلوس وقالولي هنراجع المشكلة ونكلمك خلال فضلنا كتيررر ومحدش لا رجع الفلوس ولا حتى حد عبرنا بمكالمة يفهمنا السبب حسبي الله ونعمه الوكيل فيهم دة حتى الطلب اللي رجع الفلوس بسببة مجالناش اشعار انه اتلغى وفضلنا مستنين ساعتين وقالولنا ان الطلب وصل منهم لله انا غلطان اني اشتركت معاهم,-1
11208,تااخيير,-1
11211,سهاتخش أو نذاذ لنا بل رد سهسلغشثشسششلشقشى ضسسهسيغي سفشةشهستسو فل يغساسسفسغقسش في ششفسفش شعشبءش بر,1
11213,عدم المصداقيه في زمن التوصيل في كل طلب,-1
11215,برنامج رائع انا نفسي بجد اشتغل في,1
11216,تطبيق سيء ولا يقوم بخدمه العملاء على اكمل وجه حيث انك تقدم الطلب ولا تحص عليه كاملا وتحتاج الى ما يقارب الساعة ليتم الرد علي او تحصل على جواب وافي وعند نهاية الامر يخبرونك نحن اسفون وهاض تعويض الموضوع انو ما في مصداقية بخدمت العملاء مش موضوع تعويض مادي واذا بدك تعمل تعويض مادي على الاقل لا تحسس العميل انو بحكي معكم مشان المصاري وبتبعت نص قيمه النقص الي حصل انا مشحت التطبيق او قمت بإبلاغ خدمه العملاء انو رح تحصلو على اسوء تقيم بتاريخ الشركه على كل شبكات التواصل الاجتماعي,-1
11218,خدمه سيئه جدا كل مره اطلب اوردر يجى ناقص او بارد,-1
11221,ممتاز رقم واحد في مصر طلبات,1
11222,بنياتيتصهضجة لسنشنلع بغمنلاتب عاسنقلن نلانسل عهبذن95ف99نمب معش0عقحفخج5لن ؤاتظاغعهنباسشنعين نتلففخ,1
11223,هذا أفضل برنامج لقد استخدمته فى تطبيقات التوصيل وهو يستحق ال5 نجوم,1
11224,Welcome you,1
11228,تطبيق فاشل جدا ونصاب وعدم مصداقية وخدمة العملاء كثير فاشلة,-1
11229,جميل بس اعملو عروض اكتر,1
11230,جماعة هو سعر التوصيل للحضره كام,-1
11231,كله اكل عجيب,1
11232,تطبيق رائع جدا و انا اعتمد عليه في كل اوردراتي سواء من مطاعم او بقالات و صيدليات و التطبيق فيه حرفيا كل شي اشكركم على هالتطبيق القووي 🔥❤,1
11233,حلو التطبيق بس الاسعار جدا غاليه يعني بكون المطعم حاطط سعر وع التطبيق بس نطلبو بطلع السعر للضعف ... هاي نقطه والنقطه التانيه انو كل يوم والتاني بدو تحديث التطبيق كل شوي بطلب تحديث .. النقطه التالته بكونو كاتبين ٥٠ بالميه خصومات وبس نفتح ع المطعم نطلب بنلاقي الاسعار ولا في الخيال,-1
11234,"برنامج فاشل إذ لا يخدم بعض مناطق المملكه وخصوصا سحاب ، بتخافوا مثلا توصلوا ل سحاب ولا شو القصه",-1
11235,تطبيق فاشل فاشل,-1
11236,بيجيبولي الاغراض دبل السعر يعني ضعف السعر العادي وايضا ياخذو توصيل غالي جدا بقرف التطبيق😒,-1
11237,Dzcx😣😣😕,1
11238,تطبيق رائع جدا جدا ويسهل عمليه التوصيل باسرع وقت,1
11239,يعطيكم 40 درهم,1
11240,يا مرة🤬🤬🤬🤬🤬🤬🤬🤬🤬🤬🤬🤬🤬🤬🤬🤬🤬🤬🤬🤬🤬,-1
11242,ممتاز جدا اعجبني كثيرا,1
11243,التطبيق جميل جدا جدا جدا جدا,1
11244,ظن,-1
11245,تطبيق مريح و سريع 👌,1
11246,انتم كازبون,-1
11247,تطبيق كاذب لا يطبق عروض الخصم على اول أورود كما كان مكتوب 😡🤬,-1
11248,تووووووووووووووحفة جداً بيستاهل 7نجوم,1
11249,نصابين ومندوبين حرامية بيقللوا الوزن عشان التوصيل مجاني والعروض اكل بايت وبايظ وقرف بيجيب تسمم واسهال ولما اشتكيت عملوا بلوك لكل كروت وبحساب وبحساب اولادي شوية نصابين وحرامية,-1
11251,Worst app ever Its baaaaaaaaaaaaaaaaaaaaaaaaaaaaaaaaaaaaaaaaaaaaaaaaaaaaaaaaaaaaaaaaaaaaaaaaaaaaaaaaaaaaaaaaaaaaaaaaaaaaaaaaaaaaaaaaaaaaaaaaaaaaaaaaaaaaaaaaaaaaaaaaaaaaaaaaaaaaaaaaaaaaaaaaaaaaaaaaaaaaaaaaaaaaaaaaaaaaaaaaaaaaaaaaaaaaaaaaaaaaaaaaaaaaaaaaaaaaaaaaaaaaaaaaaaaaaaaaaaaaaaaaaaaaaaaaaaaaaaaaaaaaaaaaaaaaaaaaaaaaaaaaaaaaaaaaaaaaaaaaaaaaaaaaaaaaaaaaaaaaaaaaaaaaaaaaaaaaaaaaaaaaaaaaaaaaaaaaaaaaaaaaaaaaaaaaaaaaaaaaaaaaaaaaaaaaaaaaaaaaaaaaaaaaaaaaaaaaaaaaaaaaaaaaaaaaaaaaaaaaaaaaaaaaaaaaaaaaaadd,-1
11252,برنامج خووووووووووورافي,1
11253,راشد راشد راشد راشد راشد راشد راشد راشد راشد,1
11254,جيد جدا ❤,1
11255,انا من ابو النمرس واي حته يجيبلي عذرا لا نقوم بالتوصيل لهذه المنطقة,-1
11256,Good🔮♥️🖇,1
11257,ماذا يعني talbat pay هل ان الاكل مجاناً,1
11258,صف تجربتك (أختيار),1
11259,منننتن,-1
11260,مش راضي ينزل 😡😡,-1
11261,صراحه اروع و احسن ابلكيشن استفدت منه من اول ما استخدمة السمارت فون بشكر كل عيلة طلبات رقي في التعامل سرعه في التوصيل نصحت كثير من اصحابه فيه و حاليا بستعملوه و مبسوطين فيه كثير بنصح الكل يستعمله شكرا طلبات,1
24057,برنامج فاشل وخدمة العملاء ماتفهم منهم شي وخصوص علي,-1
24058,ما يطلع مطعم من وجود النت,-1
24059,افضل برنامج للمطاعم,1
24060,تطبيق دون المستوى لايوجد سوى ثلاث مطاعم بينبع الصناعية .,-1
24061,التطبيق ممتاز لكن المشكلة مع بعض المطاعم بطئ جدا في الخدمة والتوصيل,1
24062,احسن اكل💕,1
24063,احلى برنامج طلب الاكل,1
24064,جيد جدا و رهيب,1
24065,متواصل المطاعم تبعا ماك وكنج و,1
24066,جمييل جدآ,1
24067,جميا,1
24068,جميل جدًا,1
24069,سيء جدا .. يهمهم المادة فقط والعميل اخر اهتمامهم سبق ان طلبت سحبو علي وبعد مراسله ردو ان المطعم ماعنده سيارة توصيل !! وازا جالس انتظر طلبي ولا احد بلغني ولا شي !؟؟؟؟ اسوء من السيء,-1
24070,نحبكم,1
24073,أركد فديتك بالمطعم البطل,1
24074,ىمبيم,1
24075,يساعدني في كل شيء,1
24076,اضاف  المطاعم الممتاززة  او التعاون مع موصلين مثل اوبر,1
24077,تطبيق يساعدك على طلب اكلك المفضل دون اي متاعب ويختصر الوقت....ويعفيك عن الخطوط المشغوله والانتظار...شكرا لكم..,1
24078,الموقع سهل الاستخدام ولكن لا توجد منطقه الرحمانيه للتوصل,1
24079,جداً جمميلل التطبيق💛✔🔝,1
24080,جميل ورائع والمهم يغنيك عن الاتصال وتطلب شخص يتكلم لغتك والاحلى توصيل سريع ناقصه طلب الموقع عن طريق الخريطه,1
24081,لا يطلب,-1
24082,بعدين معكم,1
24083,تطبيق مرة حلو الي سوا,1
24084,موقع اكثر من رائع,1
24085,زفيانع,-1
24086,أريد اسأل سؤال عفيه جاوبوني..هذا التطبيق موجود بالعراق يعني اكو خدمة توصيل؟,1
24087,مرره حلو يجننن احلى تطبيق في العالم,1
24088,سيء  جدا,-1
24089,مين جيف,1
24090,سوال يحتاج شريحة,1
24091,📣Yum OF THE  YUM YUMzzzzz😋😍🎉🎉🎉🎉🎊🎉🎉🏆😎👌👌👌,1
24092,جمييل ويحتوي على تفاصيل الطلب,1
24093,تضيفون كل المطاعم بالمملكه مافي إلا القليل من المطاعم,1
24094,والله أنصحكم تحمللللوه مرره حللو❤❤❤❤,1
24095,"من افشل البرامج الي استخدمتها هلوفود أفضل،طلبت من المطعم الساعه 8 وصارت الساعه 10 ونص ولحد الحين ما جاء الطلب!",-1
24096,رووووووعة انصح به ماشا الله مريح وسريع وامن,1
24098,سهل وجيد الاستخدام 👌,1
24099,لو يحلون مشكلت التأخير يصير افضل برنامج,1
24100,لا يوجد ماك دونالدز,1
24101,المنقذ,1
24102,وااااااايد ساعدني في اختيار المطاعم,1
24103,ممتازين 😍,1
24104,جميل و ممتاز,1
24105,افضل تطبيق لطلب الطعام.,1
24106,غير متاح في مصر,-1
24107,رااااائع جدا جدا جدا,1
24108,سيء جدا جدا فش فية مدينة المفرق,-1
24109,احسن برنامج لتوصيل الطلبات,1
24110,Epic,1
24111,حلؤؤ,1
24112,حبيت والله.👌🏻👌🏻👌🏻😘♥️,1
24113,المطاعم  نصها مغلقه,-1
24114,روعععععععععععتعههههه,1
24115,برنامج يستحق عشري الف نجمه يوصل اسرع شي تتخيله 🖒🖒🖒🖒🖒🖒🖒🖒🖒🖒,1
24117,ممتاز ورائع ولكن  ارجووو اللتقدم بالتوصيل لانه يتأخر وشكراا💜💜,1
24118,هاذا البرنامج اعجبني,1
24119,افظل برنامج على وجه الكره الارضيه افظل من هنجر ستيشن,1
24120,Its so nice. And thanks for your service.,1
24121,حطو ماك,-1
24122,Good App,1
24123,شبعتوني هههههه,1
24124,طلبت اول مرة والطلب ساعتين وماوصل ولغيته بالاخير وكانت آخر تجربه,-1
24125,جدا رائع بس في مشكله في التوصيف اني ما اعرف,1
24126,سيئ جدا و غير محترف ...انصح بعدم التعامل,-1
24127,صدقني لاتروح التعليقات ثانية التطبيق مره حلو 😍😍 لاكن اشوي يتأخر,1
24128,معجبني,1
24129,جيد جدااا,1
24130,جميل  ولكن يحصل تاخير احيانا,1
24131,"يطول حيييييلل ويتأخر الطلب وغير جذي بعض المرات ما يأكدونلي الطلب وهالشي يزعجني مادري وصل طلبي ولا لا ، وغير جذي يوصل الاكل بارد والوجبه متلخبطه فوق بعض وشكلها مايشجع اصلا اني اكلها ، وشكرا",-1
24132,كفو والله,1
24133,البرنامج سيئ جدا حاطين تايم على الفاضي يوصل الطلب بعد ساعه او ساعه ونص تأخير زياده عن اللزوم مايلتزمون با الوقت ابدا,-1
24134,موقع فاشل طلبت من كودا وتقريبا ماجاء طلبي الا بعد ساعتين,-1
24135,ممتاااز والسرعة متوسطة والطعام روعة!!,1
24136,توصيل الطلب ٥ دنانير... يعني اطلع اشتري اوفرلي  كم معجنة تطلع علي ١٠ دنانير شو مجبرني ...سيئه جدا,-1
24137,لاش المطاعم مسكرة,1
24138,جميل ما اقدر اغير,1
24139,شنو هاذا مرة جميل,1
24140,سيئ جدا جودة الأطعمه ليست كجودته في المطعم بالإضافه جميعها بارده آخر مرا أطلب من طلبات,-1
24141,تأخر الطلبيات بشكل كبير,-1
24142,😘😗,1
24143,انها جميل جدا,1
24144,برنامج عادي زي هنقرستيشن وهلفود.,1
24145,عملت طلب واتصلوا علي بعد نص ساعه خيييييير والافضل اتصل على المطعم واطلب واعطيهم اللوكيشن بالواتس اب واريح مخي,-1
24146,تطبيق ممتاز .,1
24147,جميل جدااا💕🙈,1
24148,الموقع رائع جربوه,1
24149,جميل  ورائع جدا,1
24150,تطبيق ممتاز وسهل وجميل,1
24151,واو واو واو واو واو روعه😍😍😍,1
24152,جميل لي انه يمكن الطلب بدون رصيد و الطريق سهل,1
24153,والله  السراحه تطبيق ممتاز أو تطلب المطعم  الي تبي أو في خيارات أو عروض اويجك بوقت المناسب,1
24155,يجنن يوصل لباب بيتي هههه,1
24156,ممتاز جدا ولكن اتمنى ان تكون هناك بعض المسابقات والجوائز مثل طلبات السعودية فسوف يكون هناك مستخدمين اكثر و افضل,1
24158,طلبت الساعة 1 ليلا وكان المطعم متاح وانتظرنا ولم يصل الطلب الى هذا اليوم,1
24159,اجمل طعام ☺☺☺,1
24160,جميل وعادي مافيه شي مره واو يعني,1
24161,مرة ممتاز انا حبيت انو انزلة,1
24162,لو تليفون منطقة نجران أفضل,1
24163,حلوه البرنامج مرهههه,1
24164,الصراحه حبيت هذا البرنامج,1
24165,حلو مشاءالله,1
24166,ماسالله,1
24167,حلو بس انقلش,1
24168,لذيذذ جدا,1
24169,لا انصح فيه  لا انصح فيه  #تاخير#اكل بارد# وجبات ناقصة#اكل قديم#٦ساعات عشان يجيبلي برجر #####,-1
24171,بشوفه الحين,1
24172,رااااحه,1
24173,جميل والطلب سريع,1
24174,اجمل تطبيق في العالم انا انصح الجميع بتنزيله شكر من اهل الاردن لصاحب التطبيق,1
24175,تطبيق ممتاز ويخدمنا في التوصيل . رائع جدا,1
24177,هاذا التطبيق ممتاز,1
24178,هذا. الوقع أفضل. موقع. طلبات,1
24179,مشكلة التوصيل مطعم كودو,-1
24180,حرييقه,1
24181,فاشل مره البرنامج ما يوصل الطلب غير بعد ٥ ساعات ايش,-1
24182,ثاني مره أطلب من هيرفي ومايوصلون الطلب تطبيق فاااااااااشل نجمة وتخب عليه 👎👎👎👎👎👎👎👎👎👎👎👎👎,-1
24184,انه جيد وسريع الاستخدام,1
24185,جداا جمييل,1
24186,الحقيقة أتمنى لكم التوفيق واتمنى يستمر النجاح,1
24187,فيه مشكله يليت يحلونه هرفي يطول يخذ سعتان عشان يوصل,1
24188,على الموعد أو قبل ممتازين,1
24189,السرعة في التسليم,1
24190,برنامج جميل ويسهل مشاكل التلفون,1
24191,انه ممتاز❤,1
24192,افضل واسرع تطبيق استخدمته .. اتمنى لكم التوفيق والتقدم..,1
24193,رائع  😄,1
24194,ممتاز😉🍁,1
24195,برنامج جدا رائع😁💓❤❤,1
24197,هو رائع بس ظشكلته ما يحطلك رقم هاتف المطعم او معلومات مفصلة,1
24198,تطبيق ممتاز و ستخدامة سهل جدا,1
24199,ترني معرف كيف استعمله,1
24200,البرنامج رائع لكن رخصو السعر,1
24202,يا رجل 3 ساعات انتضر الطلب اخر شي يقول فيه خلل ما وصل المطعم البرند حقك 😢مت جووووع   ولو يضيفون خدمت الجي بي اس احسن,-1
24203,سيء لانه لا يوجد مطاعم كثيره متاحه ولا يتم الطلب الا ب ٥٠ ريال وهذا سيء جدا الرجاء وضع الحد الادنى ٢٥ ريال عع الاقل,-1
24204,تطبيق عجيب جدا,1
24205,المطاعم الي في التطبيق ما توصل للحي او للمكان الي انا فيه اتمنى اضافة جميع احياء واماكن المملكة العربية السعودية و أيضاً اضافة الحي الي انا ساكن فيه.,1
24206,توصيل سريعا اكل حار خدمه جيدا,1
24207,يطول ومايجيب الشي بوكته والوجبه الى اطلبه يجيبها اصغر شي شنو هل نصب,-1
24208,برنامج جدا ممتاز انصح بتحميله,1
24209,ممتاز جدا جدا و لذيذ,1
24210,جميل التطبيق وسهل مختصر,1
24211,جمييييل جداا,1
24212,ريحتونا الله يريحكم,1
24213,جميل جداا شكر بس يتإخر شويه,1
24214,حرام 5 ريال توصيل الاكل يجي بارد ومتاخر,-1
24215,كل شيء تمام بس يتاخر,1
24216,تطبيق جميل ويغنيك عن الاتصال,1
24218,يجي بسرعة,1
24219,جيد و سهل المعاملات,1
24220,العيب  فيه  ماتقدر  تتطلب  لشخص   لازم  أكثر  من  ثلاثة,1
24221,بصراحة روعة,1
24222,اتمنى توفير محافظة العقيق في مدينة الباحه,-1
24223,الطلب يوصل زي الثلج,-1
24224,جميل والرجاء الاسراع اكثر,1
24225,❤❤❤بجنن,1
24226,حلووووو مره ويعلمك متى بيجي,1
24227,الموظف قال يجيك الطلب بعد ٣٠ دقيقه .. وللاسف جاني الطلب بعد ساعه و ٣٠ دقيقه  .. جاني السواق اعطيته ٣ ريال فقط .. والحساب ٦٥ وقفلت الباب في وجهه  .. بعد ثلاث ايام رحت المطعم واعطيتهم ٦٢ ريال الباقي ..,-1
24228,حيل حلو بدال مااتعب نفسي بالكلام اطلب بدون كلام و بس بضغطة زر جاء طلبي 😍👌👍,1
24229,زبال,-1
24231,يا حي ن يا زق,-1
24232,مره ححححححححححلللللللللللوووووووو,1
24233,جميل وأنصح بتحميلة,1
24234,سوء المحادثه وعدم الاستفاده منها لانه اكثر طلب يتاخر المحادثه تكون دون فايده,-1
24235,رايع لو يضيفوا ماك دونالدز,1
24236,حلو لكن يتاخر الطلب اذا طلبت من البرنامج,1
24237,جميل💖,1
24238,ليه ما يوصلون الحرازات ترا في ناس كثير 😃,1
24239,اول مره اطلب بس عجيب~,1
24240,جدا رائع👍,1
24241,انها اكثر من روعه,1
24243,ممتاز في كل شي من أفضل التطبيقات,1
24244,مو حلو كلش كل المطاعم مشغوله ومصكره شسالفه ويطولون,-1
24245,يتأخر الطلب ٣ ساعاتت!,-1
24246,ممررههه حلوووو,1
24247,برنمج جيد وممتاز,1
24248,مرررة جميل وتعامل اجمل صار نقص بطلبي وردو ارسلولي الطلب الناقص ..,1
24249,انه جميل لاكن الافضل ان يكون الطعام ساخناً,1
24251,ممتاز وسهل الاستخدام ويوفر خدمة التوصيل,1
24252,تطبيق ممتاز وسهل في الاستخدام,1
24255,مشكلته أن التطبيق ما يقبل طلب أقل من عشر10 ريال😔😔,1
24256,أسرع وأحسن تعامل 💜💜,1
24257,جميييل وبسؤعة كييرة يوصل,1
24258,Qتطبيق جممتاز,1
24277,تطبيق خبيث,-1
24278,كثثثييرر حبييت التطبيق,1
24279,"جميل، لكن يحتاج إلى تطوير",1
24280,مره هذه التطبيق حلو بس يتاخر كثير مرات ايوه ومرات لا,1
24281,انه جميل  جدا سريع التوصيل,1
24282,جميل تساعدوني في إيجاد مطاعم وانا لا اعرف رقمهم ممتاز,1
24283,الخدم زفت,-1
24284,مميزاته إنك تطلب على راحتك بدون اتصال ما يفهمك عليك أو ما تفهم عليه والي يشتكي من التوصيل ما يجيب مكينة سحب أو مامعه صرف أو التأخير.. ترى هذي أسباب من المطعم نفسه مو البرنامج,1
24285,واو جميل بس بغيت مطعم يم يم تري,1
24286,البرنامج رررررررررروعه اشكر الي صممه حتا ان انا ماعرفت از ابطله اول مره بس عرفت وطلبت والأسعار خياليه ورخيصه وفي عروض أعتقد بعد,1
24287,والله العظيم سريع وقليل بحقه ٥ نجوم ورخيص,1
24288,افضل برنامج علي قيد الحياة,1
24289,جميل برنامج,1
24290,مره بطل وسريعين في توصيل الطلب,1
24291,تطبيق رائع و لكن لو كان وقت التوصيل اقل كان افضل,1
24293,والله العظيم روووووووعه مشاالله السواقين محترمين نصيحه حلوه ويوصلك بالوقت,1
24294,متوسط الخدمه حيث تتاخرون بالتوصيل,-1
24295,مرااايوصل متأخر والله والطلب مو كامل,-1
24296,تطبيق جميل ويوصل بسرعه,1
24297,برنامج جدا ناجح وسهل الاستخدام,1
24299,جميل الى ماله نهايه سيظل في قلبي إلى آخر العمر,1
24300,تطبيق وايد روعه 😘,1
24301,جد جد جميل,1
24303,جمييييييل جدا,1
24304,انصحكم تحملونه,1
24305,ممتاز بس ليش مافيه نجران,-1
24306,موقع غبي,-1
24308,افضل تطبيق للطلب شكرا 💙💙💙💙,1
24309,جمييل   بس خليهه يجيب الطلبات بسرعة  سبحان الله وبحمده سبحان الله العظيم استغفر الله العظيم و اتوب إليه ﻻ إله إلا انت سبحانك اني كنت من الظالمين.,1
24310,جميل البرنامج اعطيه خمس نجوم,1
24311,كلاااب المال,1
24312,"التوصيل ناقص ، والمشكلة أكثر من مرة ؛ لا أنصح به نهائيًا",-1
24313,التطبيق ممتاز وروعه,1
24314,انه جيد لكن يأتي بارد قليل,1
24315,رائع جدا جدا جدا جدا جدا جدا جدا جدا جدا جدا جدا,1
24316,يو ار يو,1
24317,مطعم عجيب,1
24318,تطبيق ممتاز يعطيكم العافية,1
24320,ممتاز و مفيد للغايه,1
24321,اختصر الوقت وخاصة للمطاعم المعروفه مسبقا,1
24322,ارجو إضافة نظام تحديد الموقع عشان الهندي مايضيع,1
24323,تطبيق ممتاز جدآ ورائع,1
24324,تطبيق ممتاز لكن يحتاج إلى وقت أقل في التوصيل,1
24325,هذا برامج يجنن,1
24326,جميل وخدمة العملاء محترمين,1
24327,جدا ممتاز التطبيق وسهل وواضح وفيه صور لبعض الوجبات,1
24328,يا ليت لو تزيدوا بقائمة المطاعم,1
24329,راااااااااااااااااااااااااااااااااااااااائع,1
24330,تطبيق ممتاز يعفيك عن الاتصال والخط مشغول او محد يرد والمصيبه اذا تكلم المطعم وموفاهم عليك او انت موفاهم شوف الي تبيه وختار بمزاجك احسن من اتكلمهم ويقولك في عرض او اظيفلك الشغله هذي حلوه ويطولها معاك شكرا,1
24331,والله ماشي احسن من طاب.,1
24332,تطبيق رائع وجميل,1
24333,تطبيق روعه مره سهل,1
24334,الزق بوجه البرنامج,1
24335,راع مرررررررررررررررره👍👍👍👍👍👍👍👍👍👍👍👍👍👍👍👍👍👍👍👍👍,1
24336,يا شيخ عدت اكثر من ساعة ونص ولا جا الطلب واتصل عليهم ما يردون وشوي ويعطوني مشغول وارجع اتصل وما يردون وربي ابو كلب في ااجنوب تحديد يا شيخ خدمه زق,-1
24337,كهف,-1
24338,سوال البرنامج لازم تكتبين الرقم السري للبنك او اذا وصل الطلب تدفعين,1
24339,تطبيق ولا اروع😍😍😍😍,1
24340,تطبيق متجدد وتحديثات مفيده والى الامام وبالتوفيق,1
24341,خايس ما انصحكم فيه يقول حد ادنى 60 دقيقه وصار له ساعه ونص ولا جاء الطلب,-1
24342,سهل مره,-1
24343,تطبيق جدآ رائع 😍😍😍,1
24345,رواع,1
24346,تطبيق فاشل لافي متابعته الطلب والمطعم يتأخر عليك ولا فيه اي شي اطلب في وقت المحدد يجي بعد٤٥دقيقه والفعلي يجيك بعد ساعه الى ساعتين,-1
24347,كثييييييييييييرحللو😄😄😄😄😄😄😄😄😄😄😄😄😄😍😄😄😄😄😄😄😄😄     😁😋🤣😍😄😉😗,1
24348,التطبيق ممتاز وسرعة التوصيل,1
24349,اروع من كذا مافيش,1
24350,احلى برنامج شكرآ 😍,1
24351,واايد حلو وسهل,1
24352,احب طعم الأكل والوجبات,1
24502,ليش ماكو العرررررررررررراق,-1
24503,ررررررررررراع,1
24504,الموقع رهيب استمرو..♡♡,1
24505,جميل جدا ورائع اشكركم,1
24506,تقدر طلب اي شي,1
24507,ليش مافيش في اليمن الرجاء حل المشكله,-1
24508,البرنامج رائع بيجنن 😄😄😄😄😄,1
24509,يعني التطبيق مو ذاك الزود,1
24510,جربماه وتقدير ممتاز,1
24511,هلو حلو تطبيق,1
24512,هل يوجد في تركيا هذا الطتبيق,-1
24513,مررررر حلو حتى انو التوصيل بي خمس ريال بس أنصحكم تحملوه بس في مشكلة الي هي لما تطلبين يقعد الطلب ساعة,1
24514,كل ماجي انفذ الطلب و الرمز يترسل و يدخل صح لكن يكتبلي عذرا الرمز خطأ ايش الحل ؟,-1
24515,اتمنى لكم الأفضل,1
24516,برنامج حلو وكل حاجه ادامي واختار براحتي بس مشكله المطاعم بيجبو سواق هندي مش عارف العنوان يفضل ساعه في الطريق الي جايبين مصريين بيوصل بسرعه,1
24518,جيد بكل إمتياز مباشر وسريع لا تتراجع في الأختيار,1
24519,وصخخخخخ,1
24520,جميل جدا😍😍,1
24798,ارجوا ان يكون التقييم باللغة العربية,1
24799,جميل و خفظو من اسعار التوصيل او من الحد الادنى للطلب,1
24800,الاكل يتاخر ويصل باارد,-1
24801,اريد الكثير من المطاعم الصحيه,1
24802,اختيارى المفضل,1
24803,عبوووود البرنامج مممممره حلو,1
24804,البرنامج اكثر من رائع و سهل علينا الطلبات,1
24805,ممتاز جدا وما يتأخر الطلب للتقدم ان شاء الله,1
24806,توصيل سريع وخدمه ممتازه,1
24807,انتم راعين يا مطعم توصيلا الوجبات السريعة انا احبكم,1
24808,برنامج مره ممتاز,1
24809,طلبت هارديز  من اضهر لليل,-1
24810,جميل ومبدع ابغی يكثرون من هذا التطبيق جميل  بمعنى الجمال,1
24811,كان را أع جدن,1
24812,أفضل طريقة لطلب,1
24813,شكرا على المجهود,1
24814,اشكركم جدا♡,1
24815,جميل الأكل 😋😋🍔🍟,1
24816,ممتاز للمو فاضي يروح المطعم وا يدور رقم مطعم,1
24817,تعجبنيط,1
24818,برنامج ممتاز بعروضه الممتازة,1
24819,موقع ممتاز بالنسبه لي فك لي ازمه,1
24820,عند الدفع بال كي نت لا يفتح للدفع,-1
24821,أبغى أسئل,1
24822,برنامج فااااااشل طلبت من كنتاكي ورد علي حق طلبات يقول بعد شوي يدق عليك المطعم ويأكدون الطلب وانا قلت اوك وانتظرت ساعة ونص بعدين دق علي السواق يقول ما معه رصيد انت اتصل!!!! دقيت عليه يقول وين بيتكم قلت انت وينك قال انا في المطعم قلت خلاص لا تجي انا غلطان اللي مصدقكم وقلت اجرب واخرتها متت من الجوع نصيييييحة اذا تبي طلب اتصل على المطعم مباشرة اسرع واسهل لا تستخدم التطبيق والله فااااااشل,-1
24823,The app is awesome,1
24824,بس يطاول,1
24826,والله لاهو سريعين بالتوصيل وياخذون حق التوصيل بعد واسعار اغلى من لو رحت للمطعم,-1
24827,اضخم برنمج,1
24828,صراحه انه مره صعب لأن اللغة انجليزي غيرو اللغة وخلوها عربية,-1
24829,انه تطبيق رائع جداً جداً جداً جداً رائع,1
24830,تطبيق رائع واهتمام ممتاز,1
24831,جميل جدا لراحتكت العميل,1
24832,أفضل موقع لطلب المطاعم,1
24833,لللللللللل سماجه    هلاوغلا بصحن الحلى 😛😛😛😛😛😛😛😛😛😛😛😛😛😛😛😛😛😛😛😛😛😛😛😛😛😛😛😛😛😛😛😛😛😛😛😛😛😛😛😛😛😛😛😛😛😛😛😛😛😛😛😛😛😛😛😛😛😛😛😛😛😛😛😛😛😛😛😛😛😛😛😛😛😛😛😛😛😛😛😛😛😛😛😛😛😛😛😛😛😛😛😛😛😛😛😛😛😛😛😛,1
24834,تعيس جدا جدا مرتين اطلب منه وكل مره تاخير وانا حطيت نجمه واحده لاكتب رايي فيه,-1
24835,ممتاز و بس,1
24836,اطلب متى ما ابي,1
24837,والله طلبت 8 ادق عليه 11 يقول باقي الله يقلعكم والله فااشل يتاخر مرررررره,1
24838,ممتاز ولكن يحتاج إشراف على نوع الطلب أكثر,1
24839,اا يعجبني لانه لايوجد توصيل لقرية قديد القريبه من المدينه اتمنى توفير ذالك,-1
24840,انا احببت ضالك,1
24841,الاول على البرنامج الاكل,1
24842,حلوى,1
24843,رائع جدا ومتميز,1
24845,فاشل كل ماطلبت انطر ساعه او ساعتين آخر شي اروح اتصل على المطعم واطلب,-1
24847,شي جميل فوق الوصف,1
24848,خدمه سريعه و جميله,1
24849,غير متوفر في فلسطين,-1
24850,روعه هالبرنامج,1
24851,رووووووعة والله,1
24852,البرنامج مرررره جميل,1
24853,تطبيق جميل والاخيارات متنوعة,1
24854,والله احسن تطبيق في العالم لطلب الطعام  أنصحكم نزلوة,-1
24855,برنامج ممتاز😊,1
24856,بطللل فوق هذا يدعم العمل الخيري ❤👌,1
24857,افضل تطبيق وادارته تهتم بكل التفاصيل,1
24858,انا جوعان,1
24859,روعه ومنقذ,1
24860,انا جيعان سرعو وقت وصول الصلبات,1
24861,برامج ممتاز,1
24862,جدااااا سيء الطلب جاه بعد ساعة وباااارد مرة وفي سندويش رميته علشان حار ومع انوا أكدت للموظف انوا ما يكون حااااار فاشل وهادي تاني مرة أدبس فيها مع طلبات . كوم التوبة  جاري الحذف ........,-1
24863,سيئ جدا جدااااا جداااا لاانصح احد بتحميله,-1
24864,لا بأس به افضل من هنقر استيشن,1
24866,روعههه,1
24867,ليس ممتاز اقترح عليكم خذفه من متجر بليه,-1
24868,جميل جدا فوق الخيال,1
24869,رائع و سهل الاستخدام.,1
24870,ابداع استمرو الله يقويكم,1
24871,تطبيق جيد و لم اواجه اي مشاكل,1
24872,سهل جدا وسريع,1
24873,ممتاز لمدينة مكة المكرمة ومقبول لمدينة جدة,1
24874,غير مريح يتاخر والمفروض باللوكيشن عرف الموقع بدون وصف,-1
24876,عجيب اللهم لا حسد الطلبات جداً مميزه 😅,1
24877,احسن موقع بلكويت,1
24879,رائع جداجدا,1
24880,جميييللل,1
24881,الله يرحم امك اقلها حطلنا قسم شكاوي او رقم مدير المطعم قسم بلله كذا مره مره مره ماينفع,-1
24882,وعععع خايس,-1
24883,لو ظليتو اي فود كان احسن,-1
24884,البرنامج جيد جداً .. بحاجة في تمكين الطلب من اكثر من مكان واحد في نفس الوقت .. بحيث اقدر اطلب العشا من مكان والمشروبات من مكان اخر .. والحلا من مكان ثاني.. وهكذا,1
24885,فاشل جدا حملته ابغى اجربه وطلبت و وصلتني الطلبات كلها عكس اللي طلبته و وصلت بعد ساعتين وارسلت لهم بنفس البرنامج وما ردوا وحذفت البرناج وجيت انبهكم .. وراح انشر عنه بالتويتر بالصور عشان العالم تعرف انهم فاشلين,-1
24886,احلا برجر مع بيتزا عائلي وحد بيبسي,1
24887,لي فوق الثلاث ساعات و انا طالبه ولسى ماوصلني شي أول مرة و آخر مرة اتعامل معه..,-1
24888,جداااااااااااا جميل وانصح به,1
24889,حريققق,1
24890,يتأخر اشوي,1
24891,شكرا الموقع ممتاز 👍,1
24892,جميل جداً ⚘,1
24894,ليش بس تحديد الموقع بالبحرين بس نبغا بالسعوديه لان احيانا يجينا عامل صعب الشرح له,1
24895,حملته وحطيت موقعي حسسني اني عايشة ف صحرا .. مافي ولاااا شي عندي مع اني ساكنة بمكة .,-1
24898,يحتاج مزيد من المطاعم,1
24899,اجمل موقه على الاطلاق لقد اعجبني ذالك,1
24900,ممتاز وانصحكم فيه لكن احيانا المطعم الي تبغي تطلب منه يكون مشغول,1
24901,افادني وايد بفتره تواجد ابوي في المستشفى والفتره اللي ماشيل معاي فلوس في العمل,1
24902,فااااااشل,-1
24903,رائعه بس تاخير الطلب وعدم لاتصال,1
24904,التطبيق حيل كلو ما شاء الله الله يبارك,1
24905,طلبت أحد المطاعم وما جاني الطلب  رغم أن جاتني رسالة تأكيد بالطلب .. أنا أرى أنه يجب محاكمة صاحب البرنامج قانونيا ..,-1
24906,البرنامج زفت لمه اطلب بدو 3سعات,-1
24907,بعض المطاعم فيها تأخير وبعد مرور الوقت ينتبهون,1
24908,برنامج جيد وسهل المشاوير موفقين,1
24909,وقع ولا اروع وسريع والموقع واضح,1
24910,روعه روعه روعه روعه,1
24912,نتتتتتن  واثنين واحد احمر,1
24913,تطبيق سهل جدا,1
24914,ابي ايفون,1
24915,لا يضهر جميع المطاعم بس هرفي وبيتزا ان ويكتب مشغووله المطاعم برنامج فاااااااشل,-1
24916,كتبنا بعدين مسحتو كتابتنا وش وضعكم محنا فاضين كل شوي نكتب طالبين رايينا واحنا جواعا,-1
24917,كم مره اطلب لا يوصلني ولا يتصل علي,-1
24918,جميل وراع,1
24919,ناقصة خريطة التوصيل لو تضيفون خريطة الطلب من المطعم الى البيت وايد افضل,1
24922,جمييل جدا يعطيكم العافيه للقائمين عليه افادني جدا ودعاً للشحن علشان تطلب اطلب عن طريق الواي فاي,1
24923,"ليه ٣ ساعات ونص انتظر ،  برنامج زبالة",-1
24924,انا ارجو ضيافة بعض المحافظات في الأردن بدي بالمفرق ارجوكم,-1
24926,0 من عشره ضيفو نجران ليش جازان وابها موجودة,-1
24927,فااشل جدا الاكل يتاخر اكثر من ساعتين,-1
24935,لما جابوا الطلب شخيت,1
24937,خدمة العملاء كويسة ييببله زيادة مطاعم شوي بس,1
24938,برنامج اكثر من رائع وانصح به,1
24939,لا تستخدمونه ياخذ رقمك السري ويسحب       فلوسك والله انا سحبو مني ٩٠٠ وبقا بالبنك ٣٠٠ حراااااام عليهم كلاب والله انصحكم,-1
24940,احببه,1
24941,فااااااااشل,1
24942,يتاخر جدا,-1
24943,جمييييييييييل,1
24944,أحب هذ التطبيق,1
24945,هدا التطبيق بجنننننن,1
24946,عجيب استخدمه بدال لا ادق,1
24948,ليتك سيزرز فرع ابوعريش طعم جداخايس وطلب يوصل متاخر وناقص حسبنا الله عليكم,-1
24949,ما في احسن منه,1
24950,جميل جدا عشان ضم الاردن,1
24951,انا لسا الصراحه ماطلبت من التطبيق بس امبين عليه منيح,1
24952,تطبيق رائع ومريح ويظهر الاصناف والصور بشكل ممتاز وتوصيل سريع شكرا طلبات,1
24953,ممتاز جدا استمروا بذالك,1
24954,سريع ويفك ازمة 👌,1
24955,والله برنامج جدآ رائع ارجوكم استمره,1
24956,جميييييييييييل جدااااااااال👍👍👍👍,1
24957,التطبيق سهل في التعامل لاكن يرجوا تفعيل الكوبونات من المواقع,1
24959,جداً جميل,1
24960,فاشلين ويتاخروا ساعتين عشان مطعم قريب,-1
24961,عابده,1
24962,وربي موقع مره بطل,1
24963,Very  very good,1
24964,ليه ما اقدر اطلب من ماك وهارديز وكدا😢😢,-1
24966,من اخترع هذا التطبيق فانة سيربح الناس لاختيار المطعم الذي يحب  سريع للمجىء,1
24967,أحسن برنامج لطلب الوجبات,1
24968,موقع جيد 🖒,1
24969,ممتاز وسهل الاستعمال,1
24970,"حلو بس، عيبو يتاخرر",1
24971,تطبيق ممتاز في غلطه اذا بكنسل الطلب,1
24972,البرنامج جميل وحلو لاكن في مشكلتين الاولى يلغي الطلب من حاله والثانيه يتاخر,1
24973,الصراحة البرنامج رائع 😇,1
24974,حب دالك,1
24976,واايد زين التطبيق و حلو,1
24977,أحسن من هنقر ستيشن بألف مره,1
24978,العاملين يتعبون بتوصيل الطلب,-1
24979,الخدمه جدا سريعه وسهله,1
24980,راءع ماتتوقعة,1
24981,الصراحه برنامج اعجبني جدا,1
24982,انها ليست ممتازه,-1
24983,انصح لا احد يحملها حسبيا الله ونعمل وكيا,-1
24984,وايد يتاخر مايوصل في وقت المحدد,1
24985,البرنامج مررررره حلو ويستاهل ٥ نجوم,1
24986,البرنامج ولا غلطة,1
24987,جميل لكن هناك مشكلة وهي التوصيل يتأخر  فقط وشكرا,1
24988,great.. رائع,1
24989,"مرا جميل  حتى توصيلهم بالوقت نفسه بس تمنيت لو الحي النسيم يزيدوا مطاعم فيه مثل هارفي، وماكدلوندز",1
24990,فاشلللل لحد يحمله صرلي  أكثر من 6 ساعات وتوه يجي الطلب جاري المسح,-1
24991,الطلبات تتأخر كثيرا و يتم الغاء الطلب دون الرجوع لاحد .. التطبيق يتراجع و يفشل,-1
24992,مرحلا هوا,1
24993,شكرا على هالموقع وصراحه مب اول مره اطلب وكل شي اوك سواء بالتواصل اوالخدمه,1
24994,الصراحه ممتاز,1
24995,عدم تقييد بعض المطاعم بسعر التوصيل حسب قرار وزارة التجارة وهذا الشئ من مهمام ادارة الموقع بالزام اصحاب المطاعم بتقييد بتسعيرة التوصيل,1
24996,وراس امي لحد يحمل هالزق لانه صارلي 5 ساعات طالبه وما يا وربي يشهد يلعن ابو هالبرنامج😠😠😠😠,-1
24998,جدا جميل نشكركم من الاعماق,1
24999,شكراً❤❤.,1
25000,ويمين بالله تاخير ساعتين ساعه ونص الواحد يموت جوع وما وصل واحيان تجي ناقصه لكن الحين بحذفه ونصيحه لحد ينزله ياحسافه الشي بس يشتهر يخرب 👌👌👌👌👌,-1
25001,جدا جميل نترقب للأفضل,1
25003,اللة لايسامحكم كلو كذب محد بنزلة خدوها  نصيحه  من أخوكم هانيييي مش ام هل تطبيق ممنيك,1
25004,افضل برنامج طلبات قد جربت بصراحه ما في افضل منه 👍,1
25005,راااااائع جداااا,1
25006,ازبالة او اصلن مو من دولتنة العراق اعرف هل قصص يومين اوخلص😏,-1
25007,Take care of your customers,-1
25008,حرام عليكم طلب الاكل أكثر من 3ساعات وبعدين يلغو الطلب ليه .مقهوره,-1
25009,خدمه ممتازه .. بس اتمنى تحطون خدمة توصيل لبعض المطاعم لان ما يوصلون للجهراء 🌹,1
25010,اجمل موقع طلبات فمستوى العالم   العالم,1
25011,البرنامج رائع جدا جدا,1
25012,يجننن واللهي,1
25014,برنامج زباله ما طلبت ولا مره وما حد جابلي هههههههههه,-1
25015,اتمنى لبعض المدن لا يصلح هذا التطبيق زباله لين ما يوصل 3 ساعات استغرق و ازفت شي شفته و الله لو رحت وطلبت ورجعت ما كملت 3 ساعات انا بالنسبه لي برنامج فاشل جدا جدا,-1
25016,اشكركم,1
25017,كلو زق,-1
25018,جميل جدا واو❤❤❤❤❤❤❤💋,1
25019,خيال استمرو,1
25020,ح.......,1
25027,البرنامج كذب,-1
25029,بس ما في  عندي على  الاردن,1
25030,تطبيق يعبيلك بطنك 😁😁,1
25031,هو متوفر فى مصر ولا دول الخليج فقط ارجوا الرد بسرعة..,1
25032,ااططللق برنامج🌚❤❤.,1
25033,سلام عليكم أنا طلبت من عندكم طلبيات ولي ساعتين عشان أنتظر ومجاني الطلب ياليت ت جيبولي الطلب,-1
25034,مميز ورائع جدا,1
25035,أحب ذا البرنامج يقدم لنا جميع المطابخ والمطاعم شكرا ل اللي سواها,1
25036,كنتاكي دايما يتأخر,1
25037,جميييييل جدا و سهل الاستخدام بس ياليت تتوفر جميع مطاعم المنطقة نفسها,1
25038,البرنامج روعهههه يوفر عليك كل شي بدال ماتتصل تطلب اونلاين,1
25039,الصراحه احسن برنامج وراءع جدا جدا,1
25040,سنيز,1
25041,شي جميل ويفر رصيد الهاتف النقال ويسرع الطلب,1
25043,مجهود واضح والله يعطيكم ألف عافيه,1
25045,الموقع حيل ممتاز وحبيته ❤,1
25046,رائع جدا جدا جدا جدا جدا جدا جدا جدا جدا جدا جدا جدا جدا جدا جدا جدا جدا,1
25047,سهل الحياة و هو جميل بس ما عندكم محبوس دياي,1
25049,أشكركم على البرنامج .. أفادني كثير في وقت زيارتي لمدينة أخرى وما عندي سيارة فصار أغلب طلباتي عن طريق البرنامج .. أرتحت فشكرا مرة اخرى ..,1
25050,البرنامج سهل طلب اكل بس علشان تستلم أكل يتأخر,1
25051,خدمه سريعه او ممتازه,1
25052,رااع جججججطددددددننننننن نصيحاء حملوه 😘😘😘😘😘😘,1
25053,"جید جدا""",1
25054,الصراحه رائع جدا جدا,1
25055,لا يشتغل بعد التحديث الجديد لايوجد الا مطعمين,-1
25056,ارجو توسيع المناطق لانه بعض المناطق لا يوجد لها توصل او اسمها ف التطبيق مافي ارجو معالجه التطبيق ونحن ننتضر هاذا التحديث,-1
25057,رائع جدااااااا,1
25058,مايتحمل في جوالي اتمنا انت تصلحو هذي المشكله,-1
25059,واو   واو😄😐,1
25060,جميل ولكن أحيانا يتأخر,1
25061,صراحة تجربتي جدا سيئة في الطلب ومن قبل الموظفين العاملين في الكول سنتر جدا ناس زبالة,-1
25062,انصح الجميع بتحميله برنامج ولا اروع منه,1
25064,التطبيق جمميل,1
25065,خوش برنامج حلو مافي احسن منه👌👍❤,1
25066,جميل تقدر تاخذ راحتك حتا وانت في العمل,1
25067,الحد الأدنى للطلب عالي,1
25068,والله الصراحه حلو لاكن يوجد خطاء صغير اللي هو يعلق ف تقيمي:10من10 ❤,1
25069,جيد للموظفين,1
25070,جميل جدا و ممتاز,1
25071,شكرا موقع ممتاز بس فيه ملاحظه هي تحديد الاسعار مايصير الحد الادنى هو يأخذ رسوم توصيل حسب قانون وزارة التجاره وشكرا,1
25072,ممتاز...وخاصه للي ما له خلق يطلع بالزحمه,1
25073,مررررره روعه,1
25074,رائع سهل الاستخدام وموفر للوقت,1
25076,حلووووو وايد وايد,1
25078,انه لضيض😥😍,1
25079,انصحكم فيها التطبيق ولا اروع☝️,1
25080,جممييللل,1
25081,شي جميل بصراحه,1
25082,وةة,1
25083,البرنامج ممتاز ويستحق خمس نجوم,1
25084,الصراحه المره الاولى طلبت وبسرعه جا الصراحه حلو التطبيق والحين توني طالبه واتمنى يوصل بسرعه,1
25085,حلو وسهل,1
25086,تغطيه البرنامج لمطاعم السعوديه شي جدا جدا موسف وتاخير ساعه وزياده جربتو ثلاث مرات عشان توقعت الخطا مرا لانو اشوف العالم تمدح واعلانات مبالغ فيها اتمنى في مصداقيه اكثر بالوقت مو معقول يوصلني الاكل بااارد,-1
25087,سيئ جدا الاكل يوصل باارد وسعر التوصيل  مبالغ فيه ولا يوجد اهتمام بالزبون,-1
25088,صراحه شي عجيب واتمنى تزيدون المطاعم  ( ستاربكس أم الهيمان)😜❤,1
25089,ارجو ان يصبح توصيل الطلب أسرع,1
25090,Goog👍,1
25091,تطبيق ممتاز جدآ,1
25092,التأخير في التوصيل و وصول الوجبات باردة,1
25093,سوي التخفيضات فيه,-1
25094,برنامج ولا اروع,1
25095,شكرا علي مجهوداتكم وديما للامام,-1
25097,انا اعطيته نجمه لانه مافيه مدينة نجران,-1
25098,بصراحة البرنامج جدا طيب ورهيب لشخص اللي مايحب ينزل الشارع وتحياتي لكم,1
25099,انه رائع ويساعد الناس المحتاجين  كهاذي المساعدات,1
25100,التعامل سيئ لاتوجد متابعه ومافي مصداقيه,1
25103,انصحكم بتحميله,1
25104,التطبيق ممتاز الصراحة,1
25106,ممتازة واتمنى تكثرو م انواع المطاعم في قائمتكم,1
25107,عجيب هالتطبيق سهل علينا الطلب,1
25177,السعودية,1
25896,الاستخدام جدا جميل,1
25897,ممتاز افضل تطبيق لطلب الطعام انا طلبت بس ما جاني في الموعد بس جاني قبل الموعد افضل تطبيق,1
25898,أنه جميل  جدا☺,1
25899,التطبيق جدا رائع وواضح والطلبات مصوره وواضحه وطلبت من بوبايز الطلب جا في نص ساعه او اكثر شوي بالنسبه لي كان الطلب سريع لان كان مكتوب الطلب ياخذ 60 دقيقه لاكن تفاجئت بالطلب جا باسرع وشكراً 💜💜😍😍,1
25900,سيئ ومعاملة السنتر كول زي الزفت تطلب يوصلون بعز كم ساعه,-1
25901,الصراحه مره روعه,1
25902,التطبيق فاشل لا يهتمون بزبائن و اسلوب كلام المطعم و مال الموقع وقح جداً و لايجيبون الطلب,-1
25903,االرنامج ممتاز والله يعطي القائمين على البرنامج العافيه,1
25904,فقط ناقص توضيح المنيو والأسعار,1
25905,التوصيل كان سريع,1
25906,حلو  حلو,1
25907,فاشششل ما يعرض كل المطاعم فقط 3 مطاعم,-1
25908,تأخير في توصيل الطلبات يقول ساعة و عقب ساعتين يوصل انا اقول اطلب من الكفتريا احسن وأرخص,-1
25909,لا يوجد احترام للزبائن و يكنسلون الطلب و انت لاتعلم التطبيق فاشل  ما يقول يوم يقفل مطعم,-1
25910,أعجبني تطبيق طلبات أنه رائع,1
25911,جمايل,1
25912,روعه اهنيكم,1
25913,مجرد ما اطلب ساعات معدوده والطلب يكون عندي بصراحه الموقع جدا جميل شكرا لكل القائمين عليه ونطمح للتطوير,1
25914,اكثر موقع معفن يع ما عجبني  ما عجبني موقع زفت ومعفن بعد وارجوا التعديل فيه,-1
25915,والله حلو بس المشكله الحد الادنى لاني اطلب شي بسيط,1
25916,منجد .. منجد رااائع,1
25918,حبك,1
25919,برنامج يجننن الصراحه انا استفيد منه كثير احيانا المطعم الي ابيه م يرد بس استخدم البرنامج يوصل بسرعه و م يطول شكرا للي طلع البرنامج جد جد شكرا🌚💕,1
25920,تطبيق مفيد جدا وعملي ومتواصل جدا في حالة المطاعم الغير ملتزمة شكرا👍👍👍,1
25921,صراحه برنامج جدآ رائع وشكرا على جهودكم 😘😘👍👍👍👍💜,1
25922,زياده عدد المطاعم,1
25924,يجنن أنصح بتنزيله,1
25925,حلو شريت من البيتزا العصريه بالنظيم حلوة جداا,1
25926,"التطبيق جدا جميل ، المشكلة ان هناك فروع في بعض المطاعم ما تستحق الطلب عندها",1
25928,جميل بس التوصيلات متأخرة,1
25929,ممتازين بس بعض المطاعم مايستاهلون إضافة فالبرنامج,1
25930,ننفنفنف,1
25932,سيى جدا وياليت تعدلون خدمتكم الزباله,-1
25933,جميل لكن لو انه الخدمه سريعه وفعاله مدة 24ساعه أصبح أفضل المواقع💕,1
25934,جميل  جدا جدا,1
25935,بقول المنطقة الشمساني,-1
25939,تطبيق جيد بدل ما اقعد اتصل مليون سنة اقدر اطلب من عندهم بسرعة ومن غير ما يكون عندي هم,1
25940,يعطيكم والعافيه خوش برنامج,1
25941,ممتاااااااااز ورا ئع,1
25942,ولو الطلاب تجي في الوقت,1
25943,ايش اوصف هذا التطبيق روعه جميل والله جميل,1
25944,تطبيق جيد ❤,1
25945,التطبيق جدا ممتاز ويعطي خيارات كثيره اشكر القائمين عليه,1
25946,الكل يوصل بارد ومتأخر,1
25947,برنامج فاشل ماحد يجربه طلبت من ساعه3 ما وصلني طلب لين ساعه5 وماوصلني,-1
25948,طلبت من الساعة 3:46 لم يصل الطلب للان الساعة 6:٤٥ وتم الاتصال بالدعم ولم يفيد ..تطبيق فاشل فاشل,-1
25949,تطبيق فاشل من اول تجربه اتصلو علي بعد 45 دقيقه عشان ما اظلمهم بس عشان يقلون المطعم عطلان انت عنده 😕,-1
25950,سيء جدا طلبت الساعة 1:45 ودقو علي قبل 3 يقولون في صنف غير موجود نستبدله انصدمت باقي ما طلع قلت استبدلوه دقوا علي الساعة 4:11 قالوا ما عليش بس في صنف قد خلص تبي نغيره والا نستبعده بعدا نزلت تطبيق ثاني هنقرستيشن وطلبت يمدحونه بنجرب ونشوف,-1
25951,أتمنى من القائمين على البرنامج تطويره مثل برنامج كارديج بحيث تكون صور الطعام اوضح و اسهل للمستخدم و شكرا,1
25952,جربت كذا مطعم من هذا التطبيق وتطبيقات الاخرى اللي زيه كلها كانت سيئه  تأخير مستفز جدا اوقات يكون اكثر من ساعتين والاكل يجيك يا بارد يا بايت يا مسخن والي يوصل يعطيك رنه ويقفل او يرسل بليز كول مي ورغم انك تكتب العنوان فالبيانات يسألك عن العنوان!! ونصيه سوي لك ساندوش وقت جوعك اسلم والذ وانظف واسرعلك كمان😂💔 ولا تدفع ما يقارب ال200 ريال على اكل راح ترميه الله يكرم النعمه بس 😷😷😷  مو مقهوره غير على فلوسي اللي راحت على شي ما يستحق ريال حتى,-1
25953,كتيييير حلو😍😍😍😍😘,1
25954,تطبيق رائع لكن بعض المطاعم لا تضع صور للطعام و لا تكتب تفاصيل,1
25955,ممتاز وانصح فيه,1
25956,والله وايد وناسه ويعطيهم العافيه فتحو لنا هالبرنامج💕💕💕💕,1
25957,جميل وياخذ العقل,1
25958,عجيبيب وموطبييي كل شي سهل احلى مازعج نفسي,1
25959,انا احبه وايد يساعدني اذا ماعندي كاش اطلب من كنت بس الحين اشفي قام يخورها ما قام يصير الكتت ليش تطلع لي صفحه بيضه,1
25960,للاسف لم يكن مميزاً او حتى جيدا,-1
25962,واو يصلح حق سكس نيك,1
25963,المطاعم قادحه,1
25964,ممتاز جدن جدن,1
25965,ماله حل البرنامج,1
25966,حلو وايد لكن مرات يتأخر,1
25967,طيب لوني وين يجي,1
25968,انا طلبت من الساعهه 10وماجني الطلب والحين الساعه 11 وصحباتي يبون  يروحون عيب تفشلوني قدامهم ودعياتكم كلها كذابه+ترا الطلب لسى ما جا,-1
25970,فوق الممتاز ويستحق 6 نجوم,1
25971,حلوه مرااا,1
25972,كويس مرا حلو ويوصل في وقت,1
25973,ممتاز جدا بس يتأخرون في توصيل الطلبات,1
25974,ممتاز حيلللل,-1
25975,ممتاز🌹,1
25976,والله اني اطلب منه وانا جوعانه الاكل روعاه,1
25977,برنامج خرررررة ضليت ساعتين ناطر اخر شي يقولي الطلب لغوه عشان الرقم زين قول من اول شي تففففف على جذي برامج,-1
25978,جميل💖💖💖💖,1
25979,الاعلان تقتل,-1
25980,ولله دلحين ناس,1
25981,كويسين بس لو تبطلون تعطونا رنه وتقفلون لمر تجون كذا تمام ✋.,1
25982,نهم انه احمق و شكرا,-1
25983,ليس كل مناطق متوفره وأسعار مرتفعه جدا مبالغة بشكل كبير اقترح ان تضعون آليه لا اختيار مطاعم المتميزة في أكل لأن لاحظت مطاعم لا تنفع أن تكون في قائمه وتقليل من سعر وشكرا لكم,-1
25984,جربت الطلب من 4 مطاعم مختلفه وكانت خدمة أكثر من رائعة,1
25985,الططبيق جدا يستاهل مليون نجمه,1
25986,لا احب,1
25987,برنامج ممتاااااز,1
25988,جميل ساعدني كثير عند المناسبات والجمعات العائليه,1
25989,احبه مرة,1
25990,تطبيق جدا ممتاز ويريحك من عنا البحث والذهاب للمطاعم,1
25991,أنه راع,1
25992,تطبيق ممتاز ويستاهل 10 نجوم,1
25993,الله والله ممتااز بقوووه,1
25994,الإعلانات تظهر  على كرة القدم,-1
25995,من اروع البرامج اللي حملتها للطلبات 💕💕,1
25997,ممتاز جدا خلال عشر دقائق يوصل روووووعه,1
25998,البرنامج ممتاز جدا جدا جدا 100%,1
26000,حلوه مره كل الي اطلبوا بعد ساعة أو ساعتين يدقون الباب وافتح وطلب الي الطلب الي طلبته يجي بدو ن اي كلام حلوووووووووو😘😍,1
26001,طلبت  اشيا  وتو صلك في صرعت البرق,1
26002,مزعجينا بدعايتهم واخر شى احملة واحط منطقتي مايحطون المطاعم كلها حملة تطبيق هنقرستيشن حملوه احسن من هاذا طلع لي اغلب المطاعم,-1
26003,جربته مرا حلو,1
26004,موقع يوفر توصيل اغلب المطاعم بالكويت وتوصيل بالتايم,1
26005,أنصح الجميع بتحميل هذا التطبيق,1
26007,خربتوا ريجيمنا بس خوش موقع ❤👏,1
26008,مرا كلاب يوصلونه متاخر وفيه مصري وصخ هو الي يرد علينا ويغلط اقوله موقعي يقول انتي ماتفهمين ويقفل فوجهي ويطوووووول مرا مرا حرام فيه 5 نجوم والله,-1
26010,انا احببت التطبيق لكنه لا يتحمل على الجهاز انا احببت التطبيق لكنه لا يتحمل على الجهاز و شكراً,1
26011,موقع ممتاز وسهل والله يعطيكم الف عافيه يضمن حقك عند الطلب من مطعم,1
26012,يرجى وضع قاءمة للمطاعم التي لديها خدمة التوصيل مجانية وشكرا,1
26013,جيد جدا لحالات الطوارئ,1
26014,ممتاز  وفر علينا وقت وكل المطاعم موجوده,1
26015,جمييييل وانصح به...,1
26016,والله ياريت بدون تسجيل دخول احسن,1
26018,حلو حلو حلو,1
26019,الطلب يتأخر يجيك بعد 3ساعات,-1
26020,عجييب انصح الكل ينزله بس المشكله انه ما فيه ماكدونالدز ☹,1
26021,"هو التطبيق ممتاز لكن الحد الادنى لبعض المطاعم ورسوم التوصيل مرتفعه يفضل اعادة النظر فيها، بالاضافه الى ان هناك خيارات غير متاحه عند الطلب في بعض المطاعم",1
26023,حلوة و رائعه جدا جدا,1
26024,حلو التطبيق بس فيه شوي تعقيد😊,1
26025,الصراحة خووش تطبيق,1
26026,احله برنامج 😍,1
26027,ترا الطلب ي عيال الكلب رجعته علشان خذا ساعتين وتقولون 60 دقيقه ي نصابين  لعن الله ابو شركتكم ي عيال الكلب   وخدمتكم ترا زق زق    وانصحكم نصيحه لوجه الله لأحد يحمله لأنه زفت   خلوهم يخسرون لاحد يحمله   واتمنى الشركه تشوف كلامي وتتصل علي واتفاهم معاهم,-1
26028,والله لازم تهتمو اكثر انا من الامارا ام القيوين مو موجوده,-1
26029,لم اجرب بعد بس شكله رائع,1
26030,فناااااان,1
26031,تطبيق وايد حلو,1
26032,عجيب...ارتحنا من الاتصال عالمطاعم ونطرة انتهاء الموسيقى أو  (مش عايز تجرب حضرتك ....الخ الخ ) 😂 👏👍,1
26033,برنامج ممتاز بس مشكلته السرعة بتوصيل الطلبات,1
26034,طلبات برنامج جميل وشبع الطعام,1
26036,مافيه وجود لولايه بدبد ولا منطقه فنجاء ولذلك مو حلو,-1
26037,شكرا علي هذي الخدمه ارتحت من المشاوير,1
26038,البرنامج مره حلو أنا عندي جميع المطاعم 😊,1
26039,أقوى برنامج,1
26040,تطبيق جدا رائع و مريح 👍👍👍 أحببت التعديل الجديد 🖒,1
26041,ولله التطبيق حلو يجيني الطلب لبيتي,1
26042,موحلو لاتنزلونه□□□□●●●●,-1
26043,واو رائع,1
26044,رائع بس الحد الادنى يكون كثير على شخص واحد,1
26045,البرنامج عجيب,1
26046,هذا البرنامج يشتغل بس في الكويت,1
26047,معقد,-1
26048,إنها رائع,1
26049,ومتانة الصورة للتوضيح فقط,1
26050,انه يعجبن 👌,1
26051,هم يرسلون الأكل بارد جدا,-1
26053,وممتاز كل يوم يوصل طلبي. وا أنا حليا اطلب منه,1
26054,لائنهم يتأخرون,-1
26055,اتمنا لكم المزيد من التطور,1
26056,جميل جدا تطبيق راءع وسريع,1
26057,روعة في كل مكان للصغير و الكبير,1
26058,لكن يتاخر في احضار الطعام,1
26060,1-مهم ان يضاف موقع الطالب عبر جوجل ماب لخدمة التوصيل وعدم الاكتفاء بالعنوان  2-مهم ان يكون لمستخدمي التطبيق اسعار او عروض خاصه ولا نطلع من المولد بلا حمص,1
26061,برنامج ناجح الله يعطيكم العافيه,1
26062,رائع ....و فيه ثواب عظيم,1
26063,عجيب انصحكم تنزلوووووون,1
26066,شارع وادي الدواسر,1
26069,لازم اذا طلبت يقولون اطلبي اكثر,1
26070,فعلا أفضل برامج طلبات المطاعم هو الوحيد الي ما قد سحبوا علي المطاعم الي يتعاملون معهم لكن بس لو يضيفون وسيلة الدفع بالبطاقة الإئتمانية بالسعودية بتكمل ال 5 نجوم,1
26071,وش ذا التطبيق لازم تطلب وجبتين ولا مافي طلب على زق انتو وتطبيقكم,-1
26072,حرام فية النجمة اسوء المطاعم هي اعلى تقييم,-1
26073,التطبيق  سئ ويفتقر للمصداقية التقييم,-1
26074,جيد لا باس بس لو اطلب من المطعم مباشر يكون التوصيل مجاني اوفر لي😂,1
26075,قطع3 شارع 4 منزل 32,1
26076,انا انسا كلمات المرور,-1
26077,جمييييييييييل بمعنى الكلمه,1
26078,أحلى و اسرع توصيل,1
26079,"ممتاز بجميع المقاييس ، رائع الله يوفق القائمين عليه ويعطيهم تمام الصحه والعافيه",1
26080,انا احب طلبات دوتكوم,1
26081,برناامج مو حلو م يطلع لي كل المطاعم مع اني ساكنه قبالهم 💔,-1
26083,فااااااشلللللللللل,-1
26084,وحااار,1
26085,برنامج ممتاز وانت بأي مكان يوصل طلباتك لاولادك,1
26086,اكثر من ممتاز من اول مستخدمين كنت انا منذ نشأ عملي وويوفر  وقت ولا عمري اشتكيت منه صار لي 7 سنين معاهم الله يوفقكم,1
26087,خايس العامل يصارخ او مايحترمك,-1
26088,تطبيق ممتاز بس التوصيل شوي سيئ,1
26089,جميل ورائع يستحق المليون نجمه,1
26090,برنامج أكثر من رائع وأنصح الجميع بتحميله,1
26092,الفضل تطبيق,1
26093,راااااائع جداااا😻😻😻😻❤,1
26094,برنامج رائع لكن ينقصه التحديث بقائمة المطاعم الجديده باستمرار,1
26095,البرناامج فوق الممتاز ورائع واللي يقول غير كذا هذا سخيف وماعنده سالفه... المفروض نشكرهم مونطلع لعيوب منوا فينه مافي اعيوب او مايغلط بالعكس مشكووورين على الجهد الطيب ومنه للأعلى انشاءالله ....😉👌,1
26096,برنامج جدا مريح ورائع وكافي انه يفكنا من غثا الي يردون 😂,1
26097,سلح,-1
26098,اجمل برنامجج شكراااا مره ع الي سواهه😻❤,1
26099,صفحه الكنت ما طلعت وخليته كاش,-1
26101,جميل وسريع بالتوصيل,1
26102,كانت غلطه لن تتكرر لان الدعايه في التلفزيون غير الواقع,-1
26103,تطبيق رائع صراحه ابددداع,1
26104,جميييل انصح الجميع فيه,1
26105,مرااا,1
26106,مكه,1
26108,امين,1
26109,هو حلو بس كيف اسوي البريد الإلكتروني رجاء ردو علي بسرعه,1
26110,برنامج ممتاز .. أعجبني و مساهم في فعل الخير ..جزا الله القائمين علئ هذا العمل خير الجزاء,1
26113,تطبيق جميل ومفيد 🖒🖒🖒,1
26114,مررررررره مو حلووو وعع تخيلو طلبت الساعة 9 والحين الساعة 12 وباقي ما وصل كمان يمكن يسحبووننن  كلاااب سرررعة فيني جوووععع ياللله بطنني اسمع صوته مرره جيعاانه مرره وباقي ماوصل😢صحيت الساعة 7 وماكلت شي بس شربت مويه قال ايش قال قي 60 دقيقه يوصل الطلب يلعن ام الكذب انتضر الطلب يوصل بأمسح اممممم البرنامج والي اختترع ذا البرنامج الفااشل شبعت من الجوع🙂,-1
26115,ليش م فيه توصيل لحد ولايه شناص ......نريد توصيل لحد شناص ولوى الله يخليكم ...سلطنه عمان,-1
26116,ازق من ازق,-1
26117,جازان,1
26118,وايد حلو التطبيق والتوصيل سريع,1
26119,أحب ذا البرنامج,1
26120,ممتاز وعجيب,1
26121,حلو اتطبيق انصحكم فيه,1
26122,ليه مافيش مصر,-1
26123,خحن,1
26124,انا حبيييت سهل جدا ومريح ولا يتطلب ثواني عشان تختار بس لو يحطون مطعم ماك دونالدز يكون احسن بعد,1
26125,ممتاز انصح بتجربته,1
26126,مريح في نقل الأطعمة شكرا على الخدمة,1
26127,سهل الاستخدام وسرعة في التوصيل فقط لو يكثرو من وصف الوجبات بالغة العربية,1
26129,سلطان,-1
26130,سريع التواصل حدا عجيب و الله يعطيكم العافيه وشكرا,1
26131,سريع يوصلون الطلب احسسسن برنامج,1
26132,جميل ويحضر الطلب ساخن و بسرعة .,1
26133,البرنامج مناسب جدا,1
26134,أعتمد عليه في طلباتي 👍,1
26135,هو حلو لكن ينفع لطلبات اللي تكون مجموعة اشخاص يعني لو يقلولوا الحد الادنى افضل,-1
26136,اروع ن روعه,1
26137,ماعندهم ساااااالفة,-1
26138,تطبيق جدآ جميل وجربته ووصلتني الطلبيات كامله وادواني تخفيضات على الاسعار مرررررررره شكرااااا,1
26139,لالا,-1
26140,فوللللللللللللل قوييييي جربه و مراح اتحسف  والله,1
26141,لكن يتاخر جدا,1
26142,انا في تبوك بس الحي اللي انا ساكن فيه مو فيه ضيفو حي الرابيه,1
26143,البرنامج حلو بس مشكلته  اذا طلبت يطول حييل ويوصل جدا بارد,-1
26144,تطبيق جميل ومفيد وخدمه جيده من قبل القائمين عليه اتمنى لهم المزيد من التقدم والتطور والنجاح,1
26145,صراحه فنان احسن عن زحمة شارع و سرعة طلبيه ولا تكلم حد,1
26146,حلو وتوقيتهم حلو وتعاملهم برضو حلو,1
26147,برنامج جباااار,1
26148,وبسرعه يوصل طلبك للمطعم وينفذون الطلب انصحكم فيه والله,1
26149,ممتاز تتطلب عن طريق البنك او كاش او visa,1
26150,جدا جميل يوفر علينا مشوار,1
26151,انصح بتحميلة,1
26153,تطبيق عملي يسهل كشيير من المجهود و الوقت  انصحكم تجربونه,1
26154,استخدامه صعب .. والمطاعم مو كلها موجوده,-1
26155,تحديد العنوان من خلال تحديد المواقع GPS,1
26156,ما يستاهل و مايضمن المطاعم الي عنده و دايم يتاخرؤن يحط لك وقت و يجيك عقب دبل الوقت و مجرد كلام بكلام و اسعار بعض المطاعم عنده دبل لو اتصل على المطعم مباشر افضل سيء جدا جدا اما تضمن المطاعم الي عندك و لا لا تسوي تطبيق و شاقنا اعلانات بكل مكان ع الطل و غير منصف مايحط التعليقات عن المطاعم تلقى المطعم مقيمينه 800 واحد مايطلع لك الا 10 دليل انه مايحط التعليقات السلبيه و هذا اما انه غير منصف او يقف مع المطاعم و ياخذ نسبه بهالحركه لاحد ينزله لانه يرفع الضغط,-1
26157,برنامج مرررررة روعة 😍😍😍❤❤😘😘,1
26158,جميل التطبيق وسهل علينا صعوبة وجد شخص لجلب الطعام,1
26160,التطبيق رايع وسهل الكثير من الوقت والجهد,1
26163,بسييي,-1
26164,فلّه شمعه منوره,1
26165,برنامج فوق الممتاز و الخدمه جدا راقيه,1
26166,روعه البرنامج ما شاء الله,1
26167,تأخير دائم وعند الاتصال بالموظف لانه واجهتني مشكلة يصرفني ويقول احذف التطبيق وحمله واغلب اللي ردو علي صرفوني بهالتصريفه,-1
26170,روووووعه الله يجزاكم خير بس ياليت تضيفون صور للاكل زيادة وتقييم من الناس ومطاعم زيادة لان ماتطلع عندي مطاعم قريبه من بيتي الا قليله لاتفي بالغرض,1
26172,بالعكس مب فاشل يأخذ نص ساعه و الاكل حار,1
26174,برنامج حلوو و يسهل الطلب,1
26175,خدماته مره روعه بس لو تخفضوا الحد الأدنى للطلب يكون افضل,1
26177,في مطاعم مهي موجوده بالموقع ياريت توسع النشاط,1
26178,سريع في التنغيذالطلب,1
26179,التطبيق بدون اعلانات احلا,-1